model,conformer_id,rg_mass_weighted,rg_equal_weight,end_to_end,apr1_mean_rsa,apr2_mean_rsa,n_edges,mean_degree,graph_density,n_contacts
0,10005,60.84761184334158,60.75600267060054,142.40238325045274,0.4244638979434967,0.4729324281215668,1412,6.403628117913832,0.014553700267985982,1412
1,10010,62.58348874974399,62.538030019714455,192.3393735495045,0.5450124740600586,0.6623695492744446,1300,5.895691609977324,0.013399299113584827,1300
2,10022,73.53880236347325,73.42333607427776,222.5350719670766,0.7308236956596375,0.553848922252655,1265,5.736961451247166,0.013038548752834467,1265
3,10031,63.03191265881619,63.010561631012536,122.97882748537229,0.5019274950027466,0.6087633967399597,1268,5.750566893424036,0.013069470212327355,1268
4,10062,49.985963414448015,49.98800899866023,72.68541115689585,0.5913611650466919,0.5617124438285828,1368,6.204081632653061,0.014100185528756958,1368
5,10064,51.91333290090989,51.851792787876015,121.33168734184596,0.377655029296875,0.7203625440597534,1356,6.149659863945578,0.013976499690785404,1356
6,10079,79.15238574480368,79.07228263508495,231.72783816834908,0.515029788017273,0.6474082469940186,1353,6.136054421768708,0.013945578231292517,1353
7,10105,90.71708726640102,90.61447450098972,210.5211334565243,0.5265231728553772,0.5539557337760925,1319,5.981859410430839,0.013595135023706453,1319
8,10127,62.40299591625784,62.29158886521945,164.97695932861106,0.4858211576938629,0.6553215980529785,1337,6.063492063492063,0.01378066378066378,1337
9,10145,75.9148881874116,75.795115577157,218.52977449644095,0.4870169460773468,0.5602697134017944,1355,6.145124716553288,0.01396619253762111,1355
10,10152,98.22721251595675,98.11451673264067,247.34631316165027,0.5683127641677856,0.6509798765182495,1351,6.126984126984127,0.013924963924963925,1351
11,1016,60.38104515910276,60.31656609708206,163.90024893899354,0.3966100215911865,0.6802904009819031,1355,6.145124716553288,0.01396619253762111,1355
12,10170,47.717684310020445,47.72350090508286,75.12305363437925,0.6094086170196533,0.5940475463867188,1373,6.226757369614512,0.014151721294578437,1373
13,10176,57.12410176889947,57.08285885380681,130.27379485647,0.7122488021850586,0.5598694682121277,1283,5.81859410430839,0.013224077509791796,1283
14,10205,52.41141592195284,52.38209322496443,64.57866388623373,0.5069350600242615,0.5461903214454651,1368,6.204081632653061,0.014100185528756958,1368
15,10215,38.854749174916925,38.86199816536503,36.07119838767539,0.6757674813270569,0.47601693868637085,1409,6.390022675736962,0.014522778808493094,1409
16,10221,67.76456716626447,67.82342544868388,117.54188796849728,0.6521662473678589,0.7163445353507996,1297,5.882086167800454,0.01336837765409194,1297
17,10242,76.20767550787728,76.08254969651398,121.39982109454164,0.5167794823646545,0.5025571584701538,1367,6.199546485260771,0.014089878375592661,1367
18,10245,86.89788092487626,86.7677062275869,211.86066225867665,0.606104850769043,0.6934266090393066,1240,5.62358276643991,0.012780869923727067,1240
19,10278,68.98659315093909,68.9013547578885,193.1911592570962,0.693461537361145,0.4944472014904022,1290,5.850340136054422,0.013296227581941867,1290
20,10310,69.55465612940863,69.56102322801159,135.26863992760318,0.5147502422332764,0.5985220670700073,1276,5.786848072562358,0.013151927437641724,1276
21,10314,66.19062621193734,66.17874595139823,95.00577949537941,0.3971567749977112,0.6480700969696045,1317,5.9727891156462585,0.01357452071737786,1317
22,10319,58.50068052485183,58.43232145702356,82.4634669995909,0.6734516024589539,0.7079328894615173,1372,6.222222222222222,0.014141414141414142,1372
23,1031,74.37333372771603,74.26596128096897,228.88053988290784,0.5123231410980225,0.46899178624153137,1352,6.1315192743764175,0.013935271078128222,1352
24,10320,69.521835033713,69.45806090352131,203.22688760063673,0.4654843807220459,0.6490964889526367,1331,6.036281179138322,0.013718820861678005,1331
25,1033,85.91709429805567,85.82361523136282,255.1474988079642,0.6329750418663025,0.6421979069709778,1412,6.403628117913832,0.014553700267985982,1412
26,10377,75.53933498060833,75.4731774654881,236.40529015686877,0.5527777075767517,0.669424831867218,1351,6.126984126984127,0.013924963924963925,1351
27,1038,76.32121616949269,76.27134549623268,214.72995435899182,0.6546434760093689,0.6448079347610474,1323,6.0,0.013636363636363636,1323
28,10394,67.32243206002502,67.20747874398519,236.20182034673968,0.6231265664100647,0.6187587976455688,1307,5.927437641723356,0.0134714491857349,1307
29,10416,59.21580925044306,59.1606016640659,92.33550842329457,0.5661670565605164,0.6780750155448914,1362,6.1768707482993195,0.014038342609771182,1362
30,1042,52.50980772838497,52.53568744166846,100.47908431722055,0.5591787695884705,0.5315009355545044,1352,6.1315192743764175,0.013935271078128222,1352
31,10449,53.294740411288984,53.31176084848166,87.28239471854386,0.568882405757904,0.7224932312965393,1325,6.00907029478458,0.013656977942692229,1325
32,1044,85.48330408314654,85.40171568130714,202.03998865773005,0.5540220141410828,0.6037065982818604,1334,6.049886621315193,0.013749742321170893,1334
33,10481,58.953450679164455,58.974465253003615,88.06576169559132,0.5604045987129211,0.6117349863052368,1337,6.063492063492063,0.01378066378066378,1337
34,1049,71.63078148082403,71.53678627079289,214.36185127929176,0.5400512218475342,0.6191104054450989,1285,5.827664399092971,0.013244691816120388,1285
35,10518,73.89949414507316,73.79430536035564,237.70332492888676,0.5743144750595093,0.5227705240249634,1411,6.399092970521542,0.014543393114821687,1411
36,10525,57.12756136754359,57.057590406770444,140.5187035927362,0.5396969318389893,0.6686323285102844,1458,6.612244897959184,0.015027829313543599,1458
37,10572,70.9752338531976,70.93441726198567,132.93708638141666,0.5759563446044922,0.6834421157836914,1311,5.945578231292517,0.013512677798392084,1311
38,10578,61.76723046044119,61.75518262775861,133.928387204008,0.4711947739124298,0.6521437168121338,1294,5.8684807256235825,0.013337456194599051,1294
39,1060,80.46744189972962,80.32281488770693,243.31919332557274,0.5269699692726135,0.5572254061698914,1302,5.904761904761905,0.01341991341991342,1302
40,10610,77.76963388598223,77.69187016894483,187.27258973494716,0.6283870339393616,0.5095709562301636,1392,6.312925170068027,0.014347557204700061,1392
41,10611,62.97954870144111,62.919473096864714,187.6062116129376,0.6071628332138062,0.6296184659004211,1314,5.959183673469388,0.013543599257884972,1314
42,10616,60.24849195164282,60.16028257896954,111.60239512366508,0.6384663581848145,0.6466466188430786,1329,6.0272108843537415,0.013698206555349413,1329
43,10625,77.47143534427731,77.45935940012438,200.36273332139157,0.6140119433403015,0.5115242600440979,1347,6.108843537414966,0.01388373531230674,1347
44,10645,50.843846511790375,50.882605053959374,50.542563000436296,0.5416370034217834,0.612051248550415,1419,6.4353741496598635,0.014625850340136054,1419
45,10649,62.87135980427728,62.85823776117807,90.37300334723872,0.4631223976612091,0.6435818076133728,1334,6.049886621315193,0.013749742321170893,1334
46,1065,67.70087731303285,67.7123376574381,151.20405317190512,0.5358311533927917,0.5851547718048096,1377,6.244897959183674,0.014192949907235622,1377
47,10662,63.75081414559226,63.693468241331395,156.29950739837085,0.5154284834861755,0.4659816324710846,1385,6.2811791383219955,0.01427540713254999,1385
48,10680,46.484462297185985,46.475977086674945,94.69610834499831,0.4726642668247223,0.505378246307373,1387,6.290249433106576,0.014296021438878582,1387
49,10684,54.23382822072194,54.20866430777735,110.12788799731678,0.4844663143157959,0.5909028053283691,1353,6.136054421768708,0.013945578231292517,1353
50,10685,53.25684698268738,53.28803611112274,97.94546864533417,0.4455527663230896,0.6848427653312683,1400,6.349206349206349,0.01443001443001443,1400
51,10691,79.43780263621315,79.2606231509638,238.6385237328578,0.3358217179775238,0.5410051345825195,1366,6.195011337868481,0.014079571222428365,1366
52,10697,52.211340551506005,52.168886196733546,61.738389321860524,0.37567338347435,0.4587489068508148,1333,6.045351473922903,0.013739435168006596,1333
53,10699,78.95614894713582,78.89329278116068,148.28163899977102,0.6362202167510986,0.5483705401420593,1340,6.0770975056689345,0.013811585240156668,1340
54,10710,74.02387748735646,73.92803002486198,192.7157316374415,0.4694119095802307,0.5394018292427063,1393,6.317460317460317,0.014357864357864358,1393
55,10713,53.951782908673025,53.94354003187877,132.0646469366771,0.5466726422309875,0.6831606030464172,1386,6.285714285714286,0.014285714285714285,1386
56,10716,69.9241268200497,69.84980129394161,63.23783117579127,0.6680824160575867,0.5558976531028748,1360,6.167800453514739,0.014017728303442589,1360
57,1071,53.557541324685936,53.56894252600204,74.1631783194381,0.6679835319519043,0.7207837104797363,1352,6.1315192743764175,0.013935271078128222,1352
58,1073,70.15691237512182,70.12902544030588,194.46537130309636,0.4508161246776581,0.6970477104187012,1320,5.98639455782313,0.013605442176870748,1320
59,10747,72.06242283894146,72.05567757177644,166.88013507155532,0.5797979235649109,0.4932883083820343,1369,6.208616780045351,0.014110492681921253,1369
60,10763,48.675353865028484,48.66351266498007,64.95257533722923,0.6877427697181702,0.5594524145126343,1333,6.045351473922903,0.013739435168006596,1333
61,10772,51.001945603578626,50.9927083542341,118.55281757470846,0.6168580651283264,0.6697034239768982,1328,6.022675736961451,0.013687899402185117,1328
62,10782,93.75953045316541,93.7637482383652,194.64354280909245,0.5634305477142334,0.6524648666381836,1299,5.891156462585034,0.013388991960420532,1299
63,10789,77.87926416450091,77.835281668478,104.13750695960229,0.5862784385681152,0.6452701687812805,1417,6.426303854875283,0.014605236033807463,1417
64,10796,64.27352419053967,64.33346426090188,110.10039666227131,0.5581153631210327,0.6457081437110901,1373,6.226757369614512,0.014151721294578437,1373
65,10810,55.76529956063538,55.67800463255487,182.37549292923364,0.4764399826526642,0.5656245350837708,1391,6.308390022675737,0.014337250051535766,1391
66,10818,75.03766121210352,74.98607269817836,186.0029362813032,0.6748579740524292,0.5533621311187744,1396,6.331065759637188,0.014388785817357246,1396
67,10847,72.94993211758194,72.82916068398917,261.30652211051563,0.5962519645690918,0.6631255149841309,1368,6.204081632653061,0.014100185528756958,1368
68,10880,63.12219551811051,63.09477323579595,150.2449428627556,0.3931352496147156,0.6634294986724854,1362,6.1768707482993195,0.014038342609771182,1362
69,10934,67.17389795345096,67.05343084059172,171.55844989105967,0.47255608439445496,0.5196402668952942,1361,6.172335600907029,0.014028035456606885,1361
70,10935,58.47246467896304,58.40117576442085,164.6105666292318,0.5323116183280945,0.6691893935203552,1314,5.959183673469388,0.013543599257884972,1314
71,10946,68.07244313483542,68.04349495480876,147.04882712812758,0.552151083946228,0.6406509280204773,1401,6.35374149659864,0.014440321583178727,1401
72,10948,52.70396914873287,52.67793855348583,72.46444245117236,0.5233988165855408,0.7357901334762573,1326,6.01360544217687,0.013667285095856524,1326
73,10953,73.58961018473458,73.47453854630074,229.99170585371812,0.4898264408111572,0.5934374332427979,1333,6.045351473922903,0.013739435168006596,1333
74,10998,61.68436573062256,61.569835759944425,155.07287828718174,0.5572064518928528,0.6899814605712891,1327,6.018140589569161,0.01367759224902082,1327
75,10999,59.29474564961126,59.243132191985396,206.49502934180774,0.6365334987640381,0.4161159098148346,1384,6.276643990929705,0.014265099979385694,1384
76,11000,70.71958974928155,70.6148943972323,231.97514171115154,0.4774704873561859,0.6612846851348877,1355,6.145124716553288,0.01396619253762111,1355
77,11006,65.95873201021796,65.91060397911258,158.51688822038304,0.6259738802909851,0.7025792002677917,1326,6.01360544217687,0.013667285095856524,1326
78,11007,93.01001677141728,92.95671118612742,245.78394069069657,0.47310423851013184,0.5904396772384644,1387,6.290249433106576,0.014296021438878582,1387
79,11024,88.84038041904,88.70388758097457,203.17630391155797,0.5905537605285645,0.44542741775512695,1312,5.950113378684807,0.01352298495155638,1312
80,1105,60.61092027230651,60.62798990559904,91.31983792190677,0.4950099587440491,0.7018951773643494,1320,5.98639455782313,0.013605442176870748,1320
81,11093,47.84745059954347,47.86618329003175,67.8268947024174,0.5231466889381409,0.48020926117897034,1371,6.217687074829932,0.014131106988249846,1371
82,11108,54.219410242268104,54.112403645530385,120.45150731742822,0.3757230043411255,0.6770744323730469,1309,5.936507936507937,0.013492063492063493,1309
83,11109,56.690895628000675,56.59753088735723,184.2941743764726,0.5553385615348816,0.6741475462913513,1336,6.058956916099773,0.013770356627499484,1336
84,11110,54.27263172872028,54.26499877322653,95.83597516986211,0.5340378284454346,0.5688502192497253,1328,6.022675736961451,0.013687899402185117,1328
85,11123,82.53971875961116,82.46365809509375,183.19743910690465,0.45226699113845825,0.5898423790931702,1338,6.068027210884353,0.013790970933828077,1338
86,11128,70.48774131300424,70.44766466487772,177.0508325451245,0.70940101146698,0.6640263199806213,1272,5.7687074829931975,0.01311069882498454,1272
87,1112,64.37430080900343,64.31094600525897,117.45041931566637,0.5639562606811523,0.4912812411785126,1300,5.895691609977324,0.013399299113584827,1300
88,11135,66.40102872040706,66.27087125348287,227.88937808934793,0.4914375841617584,0.6970949769020081,1314,5.959183673469388,0.013543599257884972,1314
89,11142,75.15249835082415,75.11300252764121,220.9188388960332,0.4381415843963623,0.6452724933624268,1322,5.99546485260771,0.013626056483199341,1322
90,11155,59.87155084212331,59.772692858861745,130.73789819827562,0.7065151929855347,0.6721864342689514,1271,5.764172335600907,0.013100391671820243,1271
91,11158,84.45925326634367,84.31894005502528,248.33363691376113,0.6968386173248291,0.7118291258811951,1344,6.095238095238095,0.013852813852813853,1344
92,1115,75.12309235590027,74.97757838275211,206.42263273171787,0.6623967885971069,0.6651296615600586,1312,5.950113378684807,0.01352298495155638,1312
93,11193,109.5574202896192,109.34518681454198,275.5472635278234,0.6137799024581909,0.5782483220100403,1313,5.954648526077097,0.013533292104720675,1313
94,11210,99.43616311384014,99.3584633119851,268.69327397243126,0.630124032497406,0.6823206543922424,1336,6.058956916099773,0.013770356627499484,1336
95,11225,73.4368370757384,73.36119495371474,155.66682273817233,0.5785496234893799,0.6633515954017639,1325,6.00907029478458,0.013656977942692229,1325
96,11235,54.036939100653036,53.96977991138003,134.7814342816365,0.6244833469390869,0.5012248158454895,1352,6.1315192743764175,0.013935271078128222,1352
97,11249,71.69816394253242,71.6539077230062,194.39167664368645,0.469482421875,0.5055338740348816,1379,6.253968253968254,0.014213564213564213,1379
98,11259,67.04603216106517,66.98938254722044,198.9457372688541,0.5862419009208679,0.639851450920105,1320,5.98639455782313,0.013605442176870748,1320
99,11269,51.224268270173596,51.17376875171266,125.77630484979198,0.46705883741378784,0.7244022488594055,1366,6.195011337868481,0.014079571222428365,1366
100,1127,84.58900096891713,84.51132267457284,172.06238391484447,0.550008237361908,0.703576922416687,1340,6.0770975056689345,0.013811585240156668,1340
101,11292,44.796579026790674,44.82392807583321,39.352549393059924,0.5112966299057007,0.6495751142501831,1365,6.190476190476191,0.01406926406926407,1365
102,11295,50.42393370335536,50.39624644463371,86.1801508330215,0.592204213142395,0.5487733483314514,1322,5.99546485260771,0.013626056483199341,1322
103,11309,91.09885963002513,91.00714418547027,219.86895434502145,0.5883720517158508,0.5318800806999207,1403,6.36281179138322,0.014460935889507318,1403
104,1131,62.81318558615704,62.781716987342755,119.35760191023999,0.5865724086761475,0.6881922483444214,1371,6.217687074829932,0.014131106988249846,1371
105,11358,47.729773210632246,47.729905705272195,90.51394407766288,0.5337082147598267,0.6789833903312683,1379,6.253968253968254,0.014213564213564213,1379
106,11363,48.99555831549371,48.98190672342977,105.62786231796855,0.41255703568458557,0.5525085926055908,1338,6.068027210884353,0.013790970933828077,1338
107,1136,47.470624723094126,47.46948049532971,81.74023430653249,0.6213645935058594,0.5179965496063232,1370,6.213151927437642,0.01412079983508555,1370
108,11377,85.56905743455403,85.42507092549259,269.5662898420177,0.3473816514015198,0.6527326107025146,1353,6.136054421768708,0.013945578231292517,1353
109,11391,63.551691512618746,63.45803093223099,191.4786655137989,0.47015807032585144,0.5613246560096741,1385,6.2811791383219955,0.01427540713254999,1385
110,1143,64.79101057550923,64.7575286840292,209.5394194888305,0.5796804428100586,0.6059095859527588,1336,6.058956916099773,0.013770356627499484,1336
111,11453,90.40903629789433,90.27776890686152,287.4830839851582,0.5906425714492798,0.5324349403381348,1331,6.036281179138322,0.013718820861678005,1331
112,11469,73.87492545847297,73.70439895768806,215.80232261166273,0.586859941482544,0.5141580700874329,1303,5.909297052154195,0.013430220573077715,1303
113,11471,78.8168385375736,78.75381323784943,185.702944234884,0.49956661462783813,0.637754499912262,1304,5.913832199546485,0.013440527726242012,1304
114,1148,48.007313674246966,47.97604042193314,157.53691718962583,0.4870544373989105,0.6747175455093384,1284,5.8231292517006805,0.013234384662956091,1284
115,11505,60.8109114992473,60.823520245049075,113.28707535800503,0.688078761100769,0.6732190251350403,1301,5.900226757369614,0.013409606266749124,1301
116,11516,68.83390575824336,68.7951005500297,141.50006206824554,0.6203116178512573,0.5573195815086365,1325,6.00907029478458,0.013656977942692229,1325
117,11527,121.65752597596396,121.50415064581892,349.65848634681026,0.651005208492279,0.7536731362342834,1331,6.036281179138322,0.013718820861678005,1331
118,11531,51.93567627462,51.96733051834497,83.31084805752306,0.48285168409347534,0.7244337201118469,1315,5.963718820861678,0.013553906411049269,1315
119,11552,81.65379385098477,81.62517255388498,181.64925870958206,0.6689786911010742,0.6028780341148376,1413,6.408163265306122,0.014564007421150278,1413
120,11558,79.22331401643953,79.11894891818302,214.55175134960217,0.5761603116989136,0.6041228175163269,1307,5.927437641723356,0.0134714491857349,1307
121,11567,63.952085159072965,63.85491585781747,169.25900196093474,0.5745639204978943,0.6073682904243469,1308,5.931972789115647,0.013481756338899196,1308
122,11587,93.33368220256463,93.22182108527925,222.50243311520927,0.5155014991760254,0.5253401398658752,1399,6.344671201814059,0.014419707276850133,1399
123,11603,70.89993531530514,70.88758455650469,43.985439096545576,0.48943468928337097,0.5604258179664612,1344,6.095238095238095,0.013852813852813853,1344
124,1161,69.1745679258753,69.12277476444089,164.14066794530663,0.6103558540344238,0.66375732421875,1427,6.471655328798186,0.014708307565450423,1427
125,11623,72.53841517820996,72.43003447781787,171.23458418494005,0.5549221634864807,0.6061916351318359,1266,5.741496598639456,0.013048855905998764,1266
126,11627,69.35173224954285,69.34527992334525,159.71942182175889,0.6077298521995544,0.6526280641555786,1352,6.1315192743764175,0.013935271078128222,1352
127,11632,70.10253191282737,70.07979123199307,122.31147765626248,0.585858941078186,0.5419747233390808,1347,6.108843537414966,0.01388373531230674,1347
128,11688,81.02223983810546,80.88149758230512,227.86832400605806,0.5369138717651367,0.6898152232170105,1302,5.904761904761905,0.01341991341991342,1302
129,11705,64.70379573987616,64.7326597801419,146.5957458759327,0.6531914472579956,0.5309439897537231,1353,6.136054421768708,0.013945578231292517,1353
130,11719,56.90367569281054,56.88166557866427,146.50218540712277,0.4039829969406128,0.539558470249176,1447,6.562358276643991,0.014914450628736343,1447
131,11722,47.42008964746219,47.3878281070837,92.16992104641284,0.6203206777572632,0.6053736805915833,1318,5.977324263038549,0.013584827870542156,1318
132,11733,104.59263502460253,104.48059217233174,233.85535091888852,0.49223431944847107,0.6354488730430603,1349,6.117913832199546,0.013904349618635332,1349
133,11769,63.37614114875432,63.28098029489146,194.27768366620776,0.4787747859954834,0.6381813287734985,1345,6.099773242630386,0.01386312100597815,1345
134,11794,53.255027497109644,53.213584844366025,128.5348494535504,0.4762801229953766,0.5158084034919739,1309,5.936507936507937,0.013492063492063493,1309
135,11813,65.6736325118085,65.51796248351702,223.60726390663544,0.4477938413619995,0.5573050379753113,1286,5.832199546485261,0.013254998969284684,1286
136,11816,110.79153645879684,110.58369368248043,311.8625921773119,0.5296431183815002,0.723677396774292,1322,5.99546485260771,0.013626056483199341,1322
137,11826,67.57532189226656,67.55650751545049,148.72731822225603,0.727396547794342,0.6502380967140198,1315,5.963718820861678,0.013553906411049269,1315
138,11828,71.09645653664076,71.0549471267172,235.02943502218525,0.6063333749771118,0.6800481081008911,1336,6.058956916099773,0.013770356627499484,1336
139,11833,60.129672358492826,60.08282271711045,170.80652482077912,0.5560668706893921,0.5483725070953369,1324,6.00453514739229,0.013646670789527932,1324
140,11838,61.765729316282474,61.72817489877481,107.49619337331394,0.5568686723709106,0.646012544631958,1456,6.603174603174603,0.015007215007215007,1456
141,11842,48.991062293951614,48.94646866982604,122.99988429159993,0.5366969704627991,0.5544626712799072,1326,6.01360544217687,0.013667285095856524,1326
142,11847,65.5683728464218,65.41921347557118,224.44529965304926,0.4701289236545563,0.7053239345550537,1324,6.00453514739229,0.013646670789527932,1324
143,11874,62.945238862207034,62.9231286506746,160.157945351093,0.6487637162208557,0.6528522372245789,1427,6.471655328798186,0.014708307565450423,1427
144,118,50.83013468787513,50.881695688120324,46.929650363203386,0.5107049942016602,0.6103336811065674,1340,6.0770975056689345,0.013811585240156668,1340
145,1193,60.113724188292544,60.07280944578194,121.66298935305312,0.7431681156158447,0.5914009213447571,1278,5.795918367346939,0.013172541743970315,1278
146,11942,60.511553892804486,60.45376695917553,141.17856122244285,0.5490431189537048,0.681614339351654,1357,6.154195011337868,0.013986806843949701,1357
147,11945,46.09754562748954,46.07660827055984,72.87406251540978,0.6900845170021057,0.6868457794189453,1330,6.031746031746032,0.013708513708513708,1330
148,11947,55.333904046107435,55.27775787606264,121.36455575335965,0.6185094714164734,0.6372857093811035,1323,6.0,0.013636363636363636,1323
149,11960,66.09890164455533,66.06473145921744,106.05563194541207,0.4219847619533539,0.5796759724617004,1308,5.931972789115647,0.013481756338899196,1308
150,11994,60.73063730335212,60.645633160648515,89.60406910003138,0.469743549823761,0.6080144643783569,1349,6.117913832199546,0.013904349618635332,1349
151,12020,62.895486245713045,62.928011749307416,158.62832323101094,0.5294016599655151,0.6001140475273132,1408,6.3854875283446715,0.014512471655328799,1408
152,12021,101.97792877897713,101.93121003992374,209.72903294591464,0.5016098618507385,0.6222858428955078,1302,5.904761904761905,0.01341991341991342,1302
153,12045,59.11456530750279,59.04512409794973,76.5709103619569,0.626423716545105,0.6380928754806519,1340,6.0770975056689345,0.013811585240156668,1340
154,12052,80.84183560732984,80.73403526193192,216.5262158276937,0.4390869438648224,0.6840534210205078,1373,6.226757369614512,0.014151721294578437,1373
155,12056,81.05996364182995,80.96960649293504,215.59477901581613,0.7135894894599915,0.5979063510894775,1265,5.736961451247166,0.013038548752834467,1265
156,1207,95.37901607521368,95.28795456196438,285.79923731670686,0.49542635679244995,0.7125779986381531,1350,6.122448979591836,0.013914656771799629,1350
157,120,101.1100181942814,100.98500335038038,247.64329306516822,0.6926764845848083,0.7072614431381226,1256,5.696145124716553,0.012945784374355803,1256
158,12132,42.94212397126569,42.8761717433654,76.60269950180029,0.6282992362976074,0.7239571809768677,1346,6.104308390022676,0.013873428159142444,1346
159,12169,42.14258152932863,42.15202215372378,47.60221009411556,0.5907517671585083,0.6882345676422119,1378,6.249433106575964,0.014203257060399918,1378
160,12182,80.23856268571859,80.14787996114609,254.1762644718469,0.5356869697570801,0.699134349822998,1318,5.977324263038549,0.013584827870542156,1318
161,12209,61.20152677041672,61.127087328969,142.1322504826133,0.5578692555427551,0.5834810137748718,1411,6.399092970521542,0.014543393114821687,1411
162,12221,66.05881361836545,65.98019834103314,206.62309614812443,0.6477924585342407,0.6417701840400696,1256,5.696145124716553,0.012945784374355803,1256
163,12230,88.53517247624107,88.52800001197281,231.13105481769568,0.565657377243042,0.5820655822753906,1348,6.113378684807256,0.013894042465471037,1348
164,12247,83.54239161467167,83.46685841154326,182.98968340171263,0.6135883331298828,0.5715816020965576,1370,6.213151927437642,0.01412079983508555,1370
165,12253,70.97975324452295,70.89850670606405,182.7115817124142,0.6256453394889832,0.7019758224487305,1322,5.99546485260771,0.013626056483199341,1322
166,12254,75.32675934226971,75.2338216821583,169.10927051158356,0.48556897044181824,0.7037419080734253,1327,6.018140589569161,0.01367759224902082,1327
167,1225,53.3049831752571,53.33375146811182,59.64114646343896,0.5329491496086121,0.6371241807937622,1295,5.873015873015873,0.013347763347763348,1295
168,12260,45.41066507933485,45.339699692697174,97.31716979109424,0.5748066902160645,0.6193925142288208,1326,6.01360544217687,0.013667285095856524,1326
169,12261,66.36369950836507,66.231470675099,221.01301371982987,0.5420770645141602,0.6015295386314392,1309,5.936507936507937,0.013492063492063493,1309
170,12277,88.88038984506973,88.77679686551491,246.72741865916598,0.5993534326553345,0.693334698677063,1294,5.8684807256235825,0.013337456194599051,1294
171,12278,69.66545905329781,69.54327840125828,122.50838024803294,0.6370179057121277,0.6830057501792908,1272,5.7687074829931975,0.01311069882498454,1272
172,12295,60.66144265359325,60.676374023471595,98.95214786549573,0.5802447199821472,0.5341486930847168,1379,6.253968253968254,0.014213564213564213,1379
173,12313,71.8991109991159,71.78853337097239,161.78640362525118,0.5919662117958069,0.6722100377082825,1295,5.873015873015873,0.013347763347763348,1295
174,12332,55.565939778132766,55.50089494696091,172.831721958189,0.5148923397064209,0.45094478130340576,1359,6.163265306122449,0.014007421150278292,1359
175,12367,94.54197552019252,94.47462395434913,254.17384719041857,0.4843751788139343,0.6576228737831116,1387,6.290249433106576,0.014296021438878582,1387
176,12417,55.19977869774611,55.20980524254734,103.54313596764175,0.46483927965164185,0.7080012559890747,1354,6.140589569160998,0.013955885384456813,1354
177,12426,82.99351826586026,82.81175894841516,213.63325329335103,0.6220598816871643,0.6909897923469543,1281,5.809523809523809,0.013203463203463203,1281
178,12427,70.34210376511322,70.32283451452727,125.6857037761448,0.4930364489555359,0.4998953342437744,1368,6.204081632653061,0.014100185528756958,1368
179,12438,64.63582989388908,64.59199227129862,153.1736731278055,0.6187335848808289,0.6128650307655334,1399,6.344671201814059,0.014419707276850133,1399
180,12448,55.62561847164853,55.62164768469761,91.6186951772957,0.6498120427131653,0.695817232131958,1449,6.571428571428571,0.014935064935064935,1449
181,12459,91.32563616271071,91.16746234719218,255.87706515782534,0.556903064250946,0.4875832796096802,1364,6.185941043083901,0.014058956916099773,1364
182,12468,71.18530888412793,71.1883825009668,198.71320492729132,0.4461668133735657,0.6000563502311707,1339,6.072562358276644,0.013801278086992374,1339
183,12487,62.26127682647556,62.24509128894344,120.13744215363462,0.3561391532421112,0.6409985423088074,1336,6.058956916099773,0.013770356627499484,1336
184,12500,56.04951481930788,56.01449001209337,124.4642716552794,0.5513262748718262,0.7138857841491699,1385,6.2811791383219955,0.01427540713254999,1385
185,12507,45.97913904316428,45.94644917934429,76.38825044623147,0.5882996916770935,0.5306850671768188,1333,6.045351473922903,0.013739435168006596,1333
186,12512,79.3683915288132,79.31144680201263,222.16767409407586,0.5440144538879395,0.6826133131980896,1345,6.099773242630386,0.01386312100597815,1345
187,12516,58.71750433315583,58.65357975844587,174.77639029043775,0.5934795141220093,0.5924099683761597,1293,5.863945578231292,0.013327149041434755,1293
188,1251,39.56941601538591,39.54241749655726,59.02986246097263,0.5095949769020081,0.6137138605117798,1391,6.308390022675737,0.014337250051535766,1391
189,12524,69.62565251073437,69.6012784554076,178.8907873976063,0.6119819283485413,0.6757611036300659,1338,6.068027210884353,0.013790970933828077,1338
190,12527,61.47839133600396,61.48303445797034,89.79397915003624,0.5593182444572449,0.7362127900123596,1389,6.299319727891157,0.014316635745207173,1389
191,1253,60.414458307895956,60.38265107559145,207.04592339443667,0.5505160093307495,0.5496957898139954,1338,6.068027210884353,0.013790970933828077,1338
192,1254,60.05060102227406,60.03339889245599,142.6565158638754,0.5675878524780273,0.47887519001960754,1317,5.9727891156462585,0.01357452071737786,1317
193,12559,108.74276879093172,108.61903480498168,289.3204626037548,0.5433258414268494,0.5695309638977051,1326,6.01360544217687,0.013667285095856524,1326
194,1256,62.20901514496304,62.17754763995006,138.28526753193694,0.4437866806983948,0.5585075616836548,1402,6.35827664399093,0.014450628736343021,1402
195,12571,66.89910450430837,66.87852553610577,145.8271620625801,0.6282164454460144,0.5412761569023132,1304,5.913832199546485,0.013440527726242012,1304
196,12581,85.39176298665933,85.39023264876842,143.86741893784145,0.5996353030204773,0.5976409912109375,1353,6.136054421768708,0.013945578231292517,1353
197,12586,77.45571949116315,77.37903311113044,131.1266558720943,0.5093166828155518,0.6119871735572815,1369,6.208616780045351,0.014110492681921253,1369
198,12609,79.62194388457323,79.54086675108344,157.7678772364121,0.6107268333435059,0.6301640272140503,1332,6.040816326530612,0.013729128014842301,1332
199,12651,53.88338049209486,53.822546390806835,98.71199871158072,0.49118348956108093,0.46773433685302734,1376,6.240362811791384,0.014182642754071325,1376
200,12656,64.29973843680578,64.2199890360328,130.6634403043475,0.34290170669555664,0.6916202902793884,1358,6.158730158730159,0.013997113997113998,1358
201,12670,60.0477450485969,59.982414944851875,176.18781287344314,0.4164740741252899,0.6274934411048889,1373,6.226757369614512,0.014151721294578437,1373
202,12673,61.490802232422475,61.426035787012225,195.63016310994098,0.4967978596687317,0.5657100677490234,1382,6.267573696145124,0.0142444856730571,1382
203,126,80.65690698379858,80.65204363411523,115.75663895679172,0.6219606399536133,0.6726952791213989,1294,5.8684807256235825,0.013337456194599051,1294
204,12734,50.95607386131615,50.97174680856595,65.87582761314272,0.5262788534164429,0.6804879903793335,1371,6.217687074829932,0.014131106988249846,1371
205,12746,67.1865168750755,67.17083399294307,122.20277135128353,0.4291611313819885,0.49493342638015747,1310,5.941043083900227,0.013502370645227788,1310
206,12751,84.29578465889284,84.25768353569886,206.469756536447,0.6862814426422119,0.5867664813995361,1339,6.072562358276644,0.013801278086992374,1339
207,1275,86.05328439446899,86.00333148748999,139.1174514231182,0.5999143719673157,0.6154453158378601,1347,6.108843537414966,0.01388373531230674,1347
208,1276,79.85604093631835,79.80122078869779,189.9882714084121,0.49067068099975586,0.7226554155349731,1395,6.326530612244898,0.01437847866419295,1395
209,12774,71.21238816355462,71.16411026122294,174.6080816080666,0.6478655338287354,0.6502830386161804,1313,5.954648526077097,0.013533292104720675,1313
210,1277,55.37802337931508,55.34678676416739,65.76366709019462,0.685793399810791,0.6166371703147888,1319,5.981859410430839,0.013595135023706453,1319
211,12808,45.008826273305374,45.03490330970565,95.15250864777232,0.6944800019264221,0.5605490803718567,1294,5.8684807256235825,0.013337456194599051,1294
212,12819,59.76239475044706,59.746453817233714,126.35892589584171,0.4858957827091217,0.44391241669654846,1329,6.0272108843537415,0.013698206555349413,1329
213,12838,72.17736051464793,72.1616030863371,159.7447482020295,0.6116253137588501,0.5089792609214783,1368,6.204081632653061,0.014100185528756958,1368
214,12840,109.71979308611026,109.61143546837883,309.1210084338686,0.646089494228363,0.5247611999511719,1262,5.723356009070295,0.01300762729334158,1262
215,12847,59.50024240209039,59.41447785547738,99.41700172186977,0.6356794834136963,0.6297312378883362,1322,5.99546485260771,0.013626056483199341,1322
216,12848,71.28417226910479,71.24278182316573,117.26855506038487,0.3969196677207947,0.5164644718170166,1265,5.736961451247166,0.013038548752834467,1265
217,12849,81.43861651034138,81.4219014019239,218.41285969675081,0.6899704933166504,0.6820309162139893,1324,6.00453514739229,0.013646670789527932,1324
218,12852,82.223857501269,82.14320106716465,197.55391259226036,0.5218921899795532,0.6121861338615417,1319,5.981859410430839,0.013595135023706453,1319
219,12880,50.0418626778849,49.986291151588695,97.95623972490615,0.6461739540100098,0.44315120577812195,1373,6.226757369614512,0.014151721294578437,1373
220,12883,94.05616909246028,93.91789035816215,269.14828345763294,0.6966874003410339,0.6860846877098083,1285,5.827664399092971,0.013244691816120388,1285
221,12895,84.01786201249769,83.9253610641626,224.7523348692142,0.5155512690544128,0.6478381156921387,1310,5.941043083900227,0.013502370645227788,1310
222,128,77.92106101182348,77.80417910334923,175.08385613873168,0.46081778407096863,0.6332354545593262,1305,5.918367346938775,0.013450834879406308,1305
223,12918,60.632779273498606,60.55832203509762,131.71330892477275,0.5994845032691956,0.6529324054718018,1286,5.832199546485261,0.013254998969284684,1286
224,12924,73.29070445601589,73.23649267560319,218.97288426134824,0.6886759400367737,0.5513671636581421,1415,6.417233560090703,0.01458462172747887,1415
225,12943,66.43643268306651,66.32870999675009,172.0247936082719,0.6913142800331116,0.6943989992141724,1363,6.18140589569161,0.014048649762935477,1363
226,12967,74.14215303007,74.12113569702383,182.19420142156994,0.6205679178237915,0.6373102068901062,1285,5.827664399092971,0.013244691816120388,1285
227,12982,99.79332521819637,99.66134467942587,261.9284777021452,0.6635060906410217,0.6337944865226746,1327,6.018140589569161,0.01367759224902082,1327
228,12983,68.6534589209067,68.61545247189581,159.94443949137252,0.5628395080566406,0.6187149882316589,1363,6.18140589569161,0.014048649762935477,1363
229,12986,48.18746358946707,48.1606683461657,121.86788916443516,0.5252741575241089,0.608893096446991,1371,6.217687074829932,0.014131106988249846,1371
230,12989,55.772959059757355,55.68481227370601,151.1694945411449,0.4986354410648346,0.7000746130943298,1340,6.0770975056689345,0.013811585240156668,1340
231,13023,46.81655072794927,46.82303788829096,78.17877947911234,0.3345567584037781,0.6501211524009705,1366,6.195011337868481,0.014079571222428365,1366
232,13024,74.08265173845791,74.00551973934991,205.02104846632258,0.6080840826034546,0.5394112467765808,1334,6.049886621315193,0.013749742321170893,1334
233,13033,68.5053212149087,68.44519337542299,162.2286730376506,0.5969658493995667,0.6966541409492493,1365,6.190476190476191,0.01406926406926407,1365
234,1303,73.78082535192247,73.709369409372,117.71334680599251,0.5373623371124268,0.6851400136947632,1390,6.303854875283447,0.01432694289837147,1390
235,1304,52.863512648312785,52.815439203394334,149.2569909798319,0.6941922307014465,0.5139375329017639,1299,5.891156462585034,0.013388991960420532,1299
236,13050,69.70363530717881,69.64419855658794,156.79727027018305,0.48942118883132935,0.6155672669410706,1403,6.36281179138322,0.014460935889507318,1403
237,13093,60.63250752821969,60.635784483750506,121.47291131656097,0.5960080623626709,0.4913615584373474,1307,5.927437641723356,0.0134714491857349,1307
238,13100,64.82106906592762,64.84818457453412,118.5664856446087,0.5760725140571594,0.6908642649650574,1271,5.764172335600907,0.013100391671820243,1271
239,13101,76.3142557097537,76.23479771454858,218.27415027194826,0.5989120006561279,0.6819164752960205,1294,5.8684807256235825,0.013337456194599051,1294
240,13110,58.45685603126886,58.39790236494813,98.27198810907964,0.5515645146369934,0.7225010395050049,1318,5.977324263038549,0.013584827870542156,1318
241,13118,56.4510281961314,56.40033265483787,122.3183883848342,0.5067337155342102,0.5463849306106567,1315,5.963718820861678,0.013553906411049269,1315
242,13132,71.7154573911219,71.6021828677572,173.53017324743863,0.5276937484741211,0.4130030870437622,1346,6.104308390022676,0.013873428159142444,1346
243,13133,54.86793380959312,54.814435645132775,123.47082139600623,0.5693833827972412,0.7077481150627136,1351,6.126984126984127,0.013924963924963925,1351
244,13142,77.45975290438736,77.31855607705097,252.8212680611128,0.5197095274925232,0.6773489713668823,1378,6.249433106575964,0.014203257060399918,1378
245,13183,66.99957945472909,66.91316052408428,163.45758312305776,0.41021981835365295,0.5691729187965393,1378,6.249433106575964,0.014203257060399918,1378
246,13215,88.93511937667036,88.8426841325101,172.2317954071281,0.6098376512527466,0.6633586883544922,1374,6.2312925170068025,0.014162028447742734,1374
247,13233,66.35511616937336,66.26707012215977,171.37614065199776,0.5737618207931519,0.7313368320465088,1395,6.326530612244898,0.01437847866419295,1395
248,13263,94.04493714441,93.99099045138354,246.29366044606115,0.6195403337478638,0.5875317454338074,1341,6.081632653061225,0.013821892393320965,1341
249,13289,84.34397251608091,84.22086557063145,273.6906909981633,0.7695048451423645,0.6636336445808411,1328,6.022675736961451,0.013687899402185117,1328
250,1330,64.27822331296906,64.12573131454893,225.87452693584694,0.5653746128082275,0.49923041462898254,1296,5.877551020408164,0.013358070500927645,1296
251,13325,53.24409609140789,53.243168493330614,100.38719420476247,0.599943220615387,0.7117947936058044,1414,6.412698412698413,0.014574314574314575,1414
252,13326,88.21495873063697,88.17008173649164,257.0051758733459,0.5404193997383118,0.6639265418052673,1304,5.913832199546485,0.013440527726242012,1304
253,13353,65.84454147576444,65.79757580276286,110.32847503294768,0.506249725818634,0.56840580701828,1354,6.140589569160998,0.013955885384456813,1354
254,13358,103.00803358503116,102.9415764548566,275.9409388183375,0.3875654935836792,0.5821183919906616,1330,6.031746031746032,0.013708513708513708,1330
255,13385,64.23050883820659,64.197359210503,146.0500513032224,0.6390860080718994,0.5201594829559326,1313,5.954648526077097,0.013533292104720675,1313
256,13397,54.18166533441542,54.135207865823396,127.54468254113026,0.449491024017334,0.721809983253479,1318,5.977324263038549,0.013584827870542156,1318
257,13399,50.50902459627653,50.43858825595407,150.0226117912922,0.5675408840179443,0.5624139904975891,1356,6.149659863945578,0.013976499690785404,1356
258,1342,44.17119340770545,44.154058571426305,93.16611973075783,0.635611891746521,0.6042842268943787,1331,6.036281179138322,0.013718820861678005,1331
259,13439,54.34982794842651,54.367906337085486,37.70833900348871,0.3872967064380646,0.6358317136764526,1371,6.217687074829932,0.014131106988249846,1371
260,13487,60.31477329013884,60.32236241542504,49.63194932641704,0.414669394493103,0.5806078910827637,1375,6.235827664399093,0.01417233560090703,1375
261,13493,49.007282648681056,48.95961896464655,119.65079850573713,0.618950366973877,0.6967549324035645,1338,6.068027210884353,0.013790970933828077,1338
262,13505,54.310147173715265,54.252926343975986,72.01894566119725,0.4693041443824768,0.5935280323028564,1341,6.081632653061225,0.013821892393320965,1341
263,13512,56.961350134052665,56.95604506689604,76.22787388065325,0.4920167028903961,0.6810255646705627,1360,6.167800453514739,0.014017728303442589,1360
264,13526,70.28194546859892,70.24534987737134,177.03917742389828,0.505144476890564,0.6349649429321289,1334,6.049886621315193,0.013749742321170893,1334
265,1352,65.50716092154217,65.44343209241528,192.34474593671996,0.5155676603317261,0.43005242943763733,1476,6.6938775510204085,0.015213358070500928,1476
266,13530,90.64792066534845,90.70196288386781,131.95628819134336,0.46699059009552,0.6942777633666992,1370,6.213151927437642,0.01412079983508555,1370
267,13535,64.31811802531169,64.27251056477682,215.83861945730544,0.4598994851112366,0.6690502166748047,1297,5.882086167800454,0.01336837765409194,1297
268,1353,38.134051919917056,38.153988806757106,73.02914535173453,0.5072000622749329,0.6582143902778625,1366,6.195011337868481,0.014079571222428365,1366
269,13544,38.9706652560416,38.92506143010383,108.21684495061254,0.571411669254303,0.46140268445014954,1365,6.190476190476191,0.01406926406926407,1365
270,13552,97.35305116428549,97.18942847056698,267.6028376941192,0.5602843761444092,0.41771140694618225,1318,5.977324263038549,0.013584827870542156,1318
271,13553,68.53415209463829,68.50873455618385,189.99610400088613,0.4988098740577698,0.5112525224685669,1397,6.3356009070294785,0.014399092970521542,1397
272,13566,51.753358530525176,51.706090957812194,125.37218060368562,0.4996299743652344,0.5589715838432312,1378,6.249433106575964,0.014203257060399918,1378
273,13567,63.15472107299866,63.1789903035023,103.37956792105305,0.6777640581130981,0.6876111030578613,1331,6.036281179138322,0.013718820861678005,1331
274,13569,67.869672374211,67.86723232533053,199.45672688289415,0.5108604431152344,0.6740329265594482,1360,6.167800453514739,0.014017728303442589,1360
275,13583,83.99556634697088,83.9266543012926,202.38664202037538,0.5047885179519653,0.6342666149139404,1363,6.18140589569161,0.014048649762935477,1363
276,13593,42.52563384402643,42.523341434027685,38.550532607506206,0.5379416942596436,0.6322469115257263,1356,6.149659863945578,0.013976499690785404,1356
277,13608,57.63544122551772,57.634810571871185,53.50066398028532,0.5613068342208862,0.6931836605072021,1307,5.927437641723356,0.0134714491857349,1307
278,13609,62.144653744858616,62.12532824644977,134.6217737774803,0.4284299612045288,0.5185442566871643,1359,6.163265306122449,0.014007421150278292,1359
279,13645,45.254789438874276,45.259795540661315,59.786108632885686,0.4864232838153839,0.6638331413269043,1351,6.126984126984127,0.013924963924963925,1351
280,13660,69.6656673627896,69.57107120690627,147.69932755271037,0.6332643032073975,0.49781450629234314,1341,6.081632653061225,0.013821892393320965,1341
281,13685,50.360614090633256,50.32579244571206,97.46861680017922,0.5716359615325928,0.6198434233665466,1355,6.145124716553288,0.01396619253762111,1355
282,13690,62.8903565822396,62.81958060938589,139.83401972136332,0.6553542017936707,0.5942183136940002,1410,6.394557823129252,0.01453308596165739,1410
283,13706,60.2017132927856,60.21050745262643,116.54567908905308,0.4631645083427429,0.6651544570922852,1338,6.068027210884353,0.013790970933828077,1338
284,13731,55.00507969922265,54.97185141399052,103.7952457654278,0.4204413592815399,0.6293341517448425,1362,6.1768707482993195,0.014038342609771182,1362
285,13747,59.55976536683171,59.535296932976735,121.56395886388817,0.654775083065033,0.6886863112449646,1302,5.904761904761905,0.01341991341991342,1302
286,13754,59.31359982831371,59.276759396995004,151.10673961005648,0.43062546849250793,0.7019059062004089,1373,6.226757369614512,0.014151721294578437,1373
287,13781,64.92679986542451,64.87686850532614,113.11443724090744,0.4580392837524414,0.6489043831825256,1410,6.394557823129252,0.01453308596165739,1410
288,13799,41.87202630673682,41.81152408311753,78.22450475174962,0.5585231184959412,0.609155535697937,1337,6.063492063492063,0.01378066378066378,1337
289,13813,51.46899397461127,51.39282049096587,166.9561234915914,0.3845316171646118,0.6181894540786743,1344,6.095238095238095,0.013852813852813853,1344
290,13823,63.96272546711144,63.86641391360895,155.60587803049114,0.6974923610687256,0.5723263621330261,1292,5.859410430839002,0.01331684188827046,1292
291,13831,56.98608069009959,56.91721845950329,176.18887066490862,0.4854588210582733,0.6447389125823975,1317,5.9727891156462585,0.01357452071737786,1317
292,13854,73.25910080386444,73.19889010492619,144.02809328502025,0.5231687426567078,0.5668702721595764,1315,5.963718820861678,0.013553906411049269,1315
293,13872,54.51445620582147,54.55458590455314,73.1761489938343,0.5178981423377991,0.5893610119819641,1344,6.095238095238095,0.013852813852813853,1344
294,13887,66.42350096619845,66.36484888744745,162.56004561461984,0.4795423746109009,0.4020178020000458,1385,6.2811791383219955,0.01427540713254999,1385
295,13893,68.5210182237323,68.51493065979183,98.38347087211982,0.5619840025901794,0.625278890132904,1328,6.022675736961451,0.013687899402185117,1328
296,13896,83.43549140500645,83.34955683160396,178.50665529727297,0.6231037974357605,0.632153332233429,1314,5.959183673469388,0.013543599257884972,1314
297,13909,77.94190553907767,77.84589592088736,144.64097047398448,0.6283122301101685,0.6362675428390503,1361,6.172335600907029,0.014028035456606885,1361
298,1390,64.40123693029805,64.35773500520007,157.82480541281058,0.507103681564331,0.5882627964019775,1391,6.308390022675737,0.014337250051535766,1391
299,13922,59.974342309351286,59.89868218436061,198.77741254342016,0.5338749289512634,0.6060646176338196,1345,6.099773242630386,0.01386312100597815,1345
300,13923,69.698787981276,69.65398362814724,114.04807085219117,0.579254686832428,0.42788153886795044,1353,6.136054421768708,0.013945578231292517,1353
301,13954,59.21028143984083,59.1509931159042,153.2452436465248,0.6814584136009216,0.5711624026298523,1343,6.090702947845805,0.013842506699649556,1343
302,13971,57.36372541998601,57.345684195665875,189.04273988261482,0.49327459931373596,0.7236006259918213,1398,6.340136054421769,0.014409400123685839,1398
303,14006,65.33288969673866,65.2446859812653,143.9278633984048,0.522985577583313,0.611996054649353,1282,5.814058956916099,0.0132137703566275,1282
304,14008,65.35234394659439,65.33219616952363,91.2330233447608,0.45190349221229553,0.6517853140830994,1287,5.836734693877551,0.013265306122448979,1287
305,1400,60.49767338766725,60.46218851456045,106.5437310036723,0.6825151443481445,0.5515947341918945,1395,6.326530612244898,0.01437847866419295,1395
306,14010,67.90247166325294,67.77722639129799,180.37706551853952,0.5455520153045654,0.5023285150527954,1296,5.877551020408164,0.013358070500927645,1296
307,14020,70.60353571593346,70.56324942674948,154.94550941637956,0.5574364066123962,0.6522379517555237,1323,6.0,0.013636363636363636,1323
308,14030,85.25619618805251,85.12597395619605,239.3696837827482,0.5905768275260925,0.6530618667602539,1297,5.882086167800454,0.01336837765409194,1297
309,14038,55.87959117147125,55.81704096494938,71.21115161231619,0.4467132091522217,0.6661147475242615,1426,6.467120181405896,0.014698000412286126,1426
310,14048,75.40907255325108,75.25782613037477,235.4115475853412,0.6500096321105957,0.5270766019821167,1320,5.98639455782313,0.013605442176870748,1320
311,14096,68.24648472279435,68.23893076968713,145.25143619838968,0.594085156917572,0.6193798184394836,1254,5.687074829931973,0.01292517006802721,1254
312,14113,43.82402442200484,43.82242953239021,38.399327900737624,0.5260740518569946,0.6712228655815125,1394,6.321995464852607,0.014368171511028654,1394
313,14114,58.64346256365413,58.577769549106556,166.5729158566711,0.5105496644973755,0.7122504711151123,1385,6.2811791383219955,0.01427540713254999,1385
314,14134,70.01654088138416,69.89696709640045,212.27595400533107,0.5839372873306274,0.6003819108009338,1424,6.458049886621315,0.014677386105957535,1424
315,14135,49.756335369348456,49.731370853324115,115.22965571873044,0.46424034237861633,0.5542943477630615,1357,6.154195011337868,0.013986806843949701,1357
316,14154,59.926952240170884,59.877921092025886,98.28732120279969,0.6909393072128296,0.667502224445343,1369,6.208616780045351,0.014110492681921253,1369
317,14168,59.85220947716543,59.8083293963183,137.5784705257445,0.507956326007843,0.6008366346359253,1316,5.968253968253968,0.013564213564213565,1316
318,14183,68.17112050596444,68.04214963494121,160.8274326506368,0.5995901226997375,0.594519853591919,1325,6.00907029478458,0.013656977942692229,1325
319,14194,70.2423339198153,70.23144554604347,161.11547457618798,0.628770112991333,0.5263060331344604,1300,5.895691609977324,0.013399299113584827,1300
320,14250,78.76493537128125,78.64946933837513,190.8339558238163,0.5917763710021973,0.5695485472679138,1347,6.108843537414966,0.01388373531230674,1347
321,14251,58.72719024452388,58.61335657889073,184.51749138679432,0.5440272092819214,0.5296198129653931,1370,6.213151927437642,0.01412079983508555,1370
322,14263,83.09890012534214,83.10204003385745,182.7992833185521,0.5180438160896301,0.5593916177749634,1348,6.113378684807256,0.013894042465471037,1348
323,14269,80.29567406468922,80.18326881712328,186.94922349421668,0.3806053698062897,0.6603094339370728,1323,6.0,0.013636363636363636,1323
324,14314,51.96699540356438,51.888381668124524,152.90204768463965,0.4391131103038788,0.3603202998638153,1409,6.390022675736962,0.014522778808493094,1409
325,14324,51.617351707358445,51.61285338043288,90.81647278663829,0.40539583563804626,0.6816607117652893,1324,6.00453514739229,0.013646670789527932,1324
326,1436,125.30609717803647,125.05100500064539,337.6464627549862,0.5213538408279419,0.632704496383667,1316,5.968253968253968,0.013564213564213565,1316
327,14370,49.67975229468172,49.676979170838784,93.20920770548194,0.6564659476280212,0.5799018144607544,1403,6.36281179138322,0.014460935889507318,1403
328,14391,63.81344010020063,63.76183409535655,90.72548475226047,0.6364231705665588,0.4485110640525818,1320,5.98639455782313,0.013605442176870748,1320
329,14435,67.8130418617137,67.67932034256339,250.03218013785846,0.5786524415016174,0.4477434754371643,1365,6.190476190476191,0.01406926406926407,1365
330,14439,57.31466876561833,57.24505945285422,102.98819766017218,0.4510757327079773,0.646639347076416,1292,5.859410430839002,0.01331684188827046,1292
331,14450,56.65261329953735,56.62381358794523,154.13526452591685,0.577503502368927,0.7130042910575867,1314,5.959183673469388,0.013543599257884972,1314
332,14471,124.05334175830875,123.88607237219564,356.7360772188483,0.48602139949798584,0.6696709990501404,1336,6.058956916099773,0.013770356627499484,1336
333,14472,72.40758496654182,72.28906466176932,216.11211738144752,0.5162203311920166,0.5516817569732666,1283,5.81859410430839,0.013224077509791796,1283
334,14491,45.748404379346155,45.73452577509729,119.86948534512858,0.620663046836853,0.5929761528968811,1344,6.095238095238095,0.013852813852813853,1344
335,14499,59.907739206049406,59.87435404273879,134.8997240196887,0.6930345296859741,0.5658179521560669,1270,5.759637188208616,0.013090084518655946,1270
336,14509,102.61976562529127,102.46014556340033,275.0038672314545,0.6258836388587952,0.6321138143539429,1302,5.904761904761905,0.01341991341991342,1302
337,1453,75.78555730683959,75.67690163309614,171.79877058322222,0.5298352241516113,0.5527018904685974,1328,6.022675736961451,0.013687899402185117,1328
338,14542,71.47640076598384,71.48218507965728,135.22619448985097,0.6656382083892822,0.6036770939826965,1325,6.00907029478458,0.013656977942692229,1325
339,14558,45.899239122382916,45.91280004768161,24.274665286486744,0.5081285834312439,0.6173319816589355,1340,6.0770975056689345,0.013811585240156668,1340
340,14568,77.70460318475327,77.61806907684372,261.06737482047305,0.5693405270576477,0.5662320852279663,1373,6.226757369614512,0.014151721294578437,1373
341,1458,65.20328708893629,65.14209329368151,97.56794859864586,0.5056267380714417,0.6298595666885376,1376,6.240362811791384,0.014182642754071325,1376
342,14595,68.78713934508056,68.8128094719726,128.03325986257528,0.5342410206794739,0.5339353680610657,1395,6.326530612244898,0.01437847866419295,1395
343,1459,96.8465342877432,96.69539345252817,295.44318908396986,0.5724881887435913,0.5646233558654785,1374,6.2312925170068025,0.014162028447742734,1374
344,14608,68.13813673807776,68.07191751394515,159.04919852110203,0.49219638109207153,0.575778067111969,1386,6.285714285714286,0.014285714285714285,1386
345,14610,53.436962032092815,53.351110188402004,103.99355038063605,0.4747006595134735,0.7307105660438538,1380,6.258503401360544,0.01422387136672851,1380
346,14621,56.52822901686143,56.42598154116395,164.07697303489033,0.329634428024292,0.5451924204826355,1369,6.208616780045351,0.014110492681921253,1369
347,14638,81.76209416565791,81.7058299092417,211.57782773430762,0.6875312924385071,0.5704235434532166,1305,5.918367346938775,0.013450834879406308,1305
348,14646,44.803984760553696,44.77230444155939,102.75985466334329,0.6901368498802185,0.6151829361915588,1426,6.467120181405896,0.014698000412286126,1426
349,1464,77.85058162550918,77.79951387301674,159.63274919516408,0.5922325253486633,0.5950435996055603,1351,6.126984126984127,0.013924963924963925,1351
350,14655,88.93680886939607,88.81628405104343,212.27631222546563,0.5642550587654114,0.6268328428268433,1290,5.850340136054422,0.013296227581941867,1290
351,14659,83.6046734995368,83.45996529087013,251.10831832170103,0.6715301871299744,0.5539334416389465,1322,5.99546485260771,0.013626056483199341,1322
352,14675,89.03826250409885,88.93066363609952,265.83219147574357,0.580986499786377,0.6324260234832764,1332,6.040816326530612,0.013729128014842301,1332
353,14679,61.96195771078104,61.8902264842099,186.74787865564926,0.6600521802902222,0.6300926208496094,1388,6.294784580498866,0.014306328592042878,1388
354,14681,58.21340539963583,58.12340554963206,159.6257827526489,0.5734763145446777,0.5167846083641052,1344,6.095238095238095,0.013852813852813853,1344
355,14687,50.915695963075784,50.8779509443238,123.92664890210497,0.37778910994529724,0.5979662537574768,1318,5.977324263038549,0.013584827870542156,1318
356,14729,51.11034973171352,51.08297527034718,100.23953973746637,0.6783356666564941,0.6982083916664124,1336,6.058956916099773,0.013770356627499484,1336
357,14735,90.17192124732647,90.04514492342228,261.8828692544562,0.4891449809074402,0.6580169200897217,1386,6.285714285714286,0.014285714285714285,1386
358,14742,58.42981396970126,58.37562106141683,132.53806557319115,0.6472632884979248,0.5161136388778687,1318,5.977324263038549,0.013584827870542156,1318
359,14751,56.147030966051275,56.14515346518311,147.63596813814124,0.5004560947418213,0.602504551410675,1385,6.2811791383219955,0.01427540713254999,1385
360,1475,63.393168591275064,63.362145696108705,95.91814455107267,0.6295461058616638,0.6616714000701904,1382,6.267573696145124,0.0142444856730571,1382
361,14762,53.2143910687201,53.18835643049594,135.81176831688435,0.5862082242965698,0.5300983786582947,1366,6.195011337868481,0.014079571222428365,1366
362,1481,74.20009062456282,74.09719504286247,203.82084467994187,0.6239187717437744,0.6313661336898804,1264,5.732426303854876,0.01302824159967017,1264
363,14823,62.194871241193155,62.158191396847194,156.6879245001273,0.4546402394771576,0.62515789270401,1359,6.163265306122449,0.014007421150278292,1359
364,14835,82.70896419316043,82.63500378729233,153.04158572797147,0.5317139029502869,0.734977126121521,1289,5.845804988662132,0.013285920428777572,1289
365,14841,54.05167752183809,53.95834481831863,82.50478927623872,0.6062206029891968,0.44638070464134216,1317,5.9727891156462585,0.01357452071737786,1317
366,14887,66.34758092946721,66.327283235748,70.64098284300194,0.5739561319351196,0.5769155621528625,1351,6.126984126984127,0.013924963924963925,1351
367,14901,54.03318146902526,53.9929379031074,69.66921959823097,0.6245108842849731,0.6482609510421753,1310,5.941043083900227,0.013502370645227788,1310
368,14925,63.60704080302363,63.52849177107022,183.66073856493028,0.4268587827682495,0.5767316818237305,1391,6.308390022675737,0.014337250051535766,1391
369,1492,62.892681956104965,62.884677493006315,127.85867468801764,0.5270094275474548,0.6993997097015381,1411,6.399092970521542,0.014543393114821687,1411
370,14963,75.57912198878779,75.50858041451343,180.2317058367797,0.40383172035217285,0.6727870106697083,1344,6.095238095238095,0.013852813852813853,1344
371,14981,56.43576195765088,56.39389094792754,157.6511050747929,0.6585041284561157,0.5616591572761536,1341,6.081632653061225,0.013821892393320965,1341
372,14998,71.88613623776577,71.79015370366905,203.9208176239776,0.4201515018939972,0.38547924160957336,1404,6.36734693877551,0.014471243042671614,1404
373,1499,55.043811970475915,55.029898293538885,95.37604876592036,0.5466205477714539,0.7303950786590576,1361,6.172335600907029,0.014028035456606885,1361
374,15000,65.62700816587035,65.52919513149074,225.0946275229664,0.4697057604789734,0.7242990136146545,1328,6.022675736961451,0.013687899402185117,1328
375,15025,80.7128744786433,80.69422375938244,186.4424717876135,0.4195753037929535,0.596877932548523,1399,6.344671201814059,0.014419707276850133,1399
376,15049,78.73373924243576,78.67636892374125,186.036129794816,0.5296460390090942,0.5635954141616821,1368,6.204081632653061,0.014100185528756958,1368
377,15061,81.65283408871089,81.61960473178485,142.05999992962018,0.5447223782539368,0.6501609086990356,1313,5.954648526077097,0.013533292104720675,1313
378,15081,77.68063986275207,77.55077001478399,232.95522636442305,0.5655423998832703,0.6053741574287415,1347,6.108843537414966,0.01388373531230674,1347
379,15084,78.00450731584633,77.96969088239611,155.28932997916505,0.5160858631134033,0.6358964443206787,1307,5.927437641723356,0.0134714491857349,1307
380,15085,82.4918154937888,82.49093858005538,222.28722082827002,0.6189057230949402,0.6534543633460999,1297,5.882086167800454,0.01336837765409194,1297
381,150,85.19192312861618,85.08906151605979,195.64392552642832,0.4777134656906128,0.7479711174964905,1277,5.791383219954649,0.013162234590806019,1277
382,15124,72.10696913865287,71.96880972146776,240.7791470150746,0.42129042744636536,0.6460719108581543,1325,6.00907029478458,0.013656977942692229,1325
383,15131,77.19911268236883,77.12403012588003,204.25334812294872,0.48082345724105835,0.6291607618331909,1385,6.2811791383219955,0.01427540713254999,1385
384,15141,62.305918427627326,62.266132650305316,201.11806915942375,0.6500157713890076,0.6390092372894287,1346,6.104308390022676,0.013873428159142444,1346
385,15148,47.2303331594844,47.141970336420975,137.92475911932573,0.37395381927490234,0.541300356388092,1428,6.476190476190476,0.01471861471861472,1428
386,15173,68.79820839189239,68.83220964681513,111.92190082119232,0.5233726501464844,0.6586031317710876,1279,5.800453514739229,0.013182848897134612,1279
387,15199,110.93909842376492,110.78775330733036,316.3395401147817,0.4988887310028076,0.6288772225379944,1279,5.800453514739229,0.013182848897134612,1279
388,15227,75.11149480215087,75.01393940549929,206.2016599132854,0.566186785697937,0.6077161431312561,1332,6.040816326530612,0.013729128014842301,1332
389,15231,44.72563587181653,44.70547154264782,63.92478948766124,0.5606629848480225,0.6275147199630737,1320,5.98639455782313,0.013605442176870748,1320
390,15246,71.19294107945366,71.07853509293105,173.98632793204587,0.6779372692108154,0.6597538590431213,1309,5.936507936507937,0.013492063492063493,1309
391,15256,70.16931679827196,70.12290739451961,181.89473163604077,0.6391056776046753,0.6507628560066223,1350,6.122448979591836,0.013914656771799629,1350
392,15263,79.04485268245135,78.94597595085283,240.9707942042881,0.5424097776412964,0.5904572606086731,1377,6.244897959183674,0.014192949907235622,1377
393,15275,60.10777611951836,59.94708064490154,220.46703358442392,0.6543111801147461,0.540283203125,1415,6.417233560090703,0.01458462172747887,1415
394,15276,104.62170826843817,104.51735970584876,320.8112258134878,0.5920003056526184,0.727417528629303,1309,5.936507936507937,0.013492063492063493,1309
395,15318,86.00329630342443,85.95922519331756,190.4448676828015,0.6133701801300049,0.6531158685684204,1244,5.64172335600907,0.01282209853638425,1244
396,1531,66.02250130840027,66.04613249417932,95.43191818645548,0.47187668085098267,0.6926841735839844,1360,6.167800453514739,0.014017728303442589,1360
397,15323,92.94462205404075,92.80401174156445,225.52535766620562,0.5671791434288025,0.4499812424182892,1358,6.158730158730159,0.013997113997113998,1358
398,15326,57.61075723128811,57.53629838192972,147.9547005324301,0.500444233417511,0.38547930121421814,1313,5.954648526077097,0.013533292104720675,1313
399,15331,62.42343829393173,62.39954560400723,126.57028331551479,0.4790659546852112,0.696869969367981,1307,5.927437641723356,0.0134714491857349,1307
400,15359,96.2367106202551,96.138560406026,219.39076898109576,0.5739495754241943,0.7289333939552307,1287,5.836734693877551,0.013265306122448979,1287
401,15362,54.98863378745992,55.025751150846965,86.752211222935,0.5066493153572083,0.6526822447776794,1407,6.380952380952381,0.014502164502164502,1407
402,15395,66.39678675133958,66.2856206694453,203.38128944106944,0.47280946373939514,0.6850396990776062,1292,5.859410430839002,0.01331684188827046,1292
403,15420,65.13360358407766,65.07013887504118,121.91755566507118,0.6860467195510864,0.6707467436790466,1357,6.154195011337868,0.013986806843949701,1357
404,15428,46.97541793915686,46.96737892472163,83.70246440514674,0.5561231374740601,0.602226734161377,1395,6.326530612244898,0.01437847866419295,1395
405,1542,74.26243804636476,74.28966006331868,154.6466728606361,0.6585268974304199,0.4647369384765625,1339,6.072562358276644,0.013801278086992374,1339
406,15457,58.34324548298564,58.285282645067376,171.6155246394911,0.4553341567516327,0.6543640494346619,1336,6.058956916099773,0.013770356627499484,1336
407,15477,65.80087382498479,65.71740986562791,105.44715366106482,0.5095496773719788,0.5590957403182983,1272,5.7687074829931975,0.01311069882498454,1272
408,15485,64.96369439014603,64.91660534536477,138.51901198572878,0.5053808093070984,0.7242379188537598,1275,5.782312925170068,0.013141620284477427,1275
409,1548,115.25236156289427,115.10020123518093,328.0494274015331,0.5673238635063171,0.6757770776748657,1356,6.149659863945578,0.013976499690785404,1356
410,15506,111.1254883811964,110.99724321589919,269.04737473508646,0.6739726662635803,0.7114314436912537,1383,6.272108843537415,0.014254792826221397,1383
411,1553,68.15192375993307,68.11221769887707,148.8550774188092,0.5039281249046326,0.6312642097473145,1299,5.891156462585034,0.013388991960420532,1299
412,1561,83.78523824396672,83.67787561459971,216.75162601781162,0.4241742193698883,0.642025351524353,1376,6.240362811791384,0.014182642754071325,1376
413,1589,59.98039572800314,59.9760015640465,120.22141853870424,0.5181196928024292,0.6502745747566223,1397,6.3356009070294785,0.014399092970521542,1397
414,1590,60.020604001217784,60.010298465605885,113.82911108402048,0.4860590994358063,0.5699368715286255,1418,6.430839002267573,0.01461554318697176,1418
415,1617,98.86750710529208,98.76562412145034,310.6021357291123,0.5334202647209167,0.654366135597229,1326,6.01360544217687,0.013667285095856524,1326
416,161,74.23643024439981,74.1883358274401,157.3969206656842,0.6088781952857971,0.6088746190071106,1343,6.090702947845805,0.013842506699649556,1343
417,1642,50.8260734112311,50.80659977777897,99.61688670391888,0.42543333768844604,0.5717665553092957,1393,6.317460317460317,0.014357864357864358,1393
418,1646,64.31806119625546,64.25745889140352,178.24797579896125,0.5735161304473877,0.67726731300354,1290,5.850340136054422,0.013296227581941867,1290
419,1658,42.91779217380603,42.92950399380274,87.45139251278188,0.5288020968437195,0.6394094228744507,1351,6.126984126984127,0.013924963924963925,1351
420,1659,59.84075515072163,59.85526970060612,109.40910955311435,0.6197694540023804,0.5532535910606384,1370,6.213151927437642,0.01412079983508555,1370
421,1663,66.38075829345837,66.29317017295382,180.513349652696,0.5159825682640076,0.6709809899330139,1425,6.462585034013605,0.01468769325912183,1425
422,1690,62.4833948022732,62.37861474962098,154.0984780510462,0.5966506600379944,0.6777127385139465,1310,5.941043083900227,0.013502370645227788,1310
423,1706,67.15253701486408,67.05312537352495,165.79480804985275,0.6570791602134705,0.6196717619895935,1278,5.795918367346939,0.013172541743970315,1278
424,1713,69.42166621661744,69.35058343252321,191.26442655250887,0.49004727602005005,0.7523554563522339,1302,5.904761904761905,0.01341991341991342,1302
425,1725,65.56998466615852,65.46898809255408,202.86426598700754,0.34513792395591736,0.6431288719177246,1370,6.213151927437642,0.01412079983508555,1370
426,1730,52.79086889119794,52.8053839670695,103.53571024076928,0.5008509159088135,0.5037115812301636,1422,6.448979591836735,0.014656771799628942,1422
427,173,77.60980357614848,77.57600940269698,180.5609162645783,0.53770911693573,0.5351911783218384,1354,6.140589569160998,0.013955885384456813,1354
428,1748,40.46168267565564,40.44228559601764,75.46021361301707,0.5970147848129272,0.6599873304367065,1377,6.244897959183674,0.014192949907235622,1377
429,1789,91.7631762761325,91.66391313851075,252.40211502227785,0.5584381222724915,0.6730072498321533,1263,5.727891156462585,0.013017934446505876,1263
430,1808,61.85975845271172,61.82721319534328,128.51354322096134,0.5322352647781372,0.7120951414108276,1356,6.149659863945578,0.013976499690785404,1356
431,1812,92.50969257208476,92.3773271464298,282.2046298960794,0.6435903906822205,0.6464861631393433,1249,5.6643990929705215,0.012873634302205731,1249
432,181,91.09728944909139,90.9637153110593,226.88479965563812,0.46914106607437134,0.44554421305656433,1364,6.185941043083901,0.014058956916099773,1364
433,1823,68.49490877355598,68.4220871305372,145.93795445485117,0.2821483016014099,0.6346427798271179,1268,5.750566893424036,0.013069470212327355,1268
434,1835,67.10639675847594,67.09495885901403,143.89065113537967,0.38912948966026306,0.7374629974365234,1390,6.303854875283447,0.01432694289837147,1390
435,1847,55.817553553309835,55.74421420518562,199.37524391591688,0.46874260902404785,0.47779762744903564,1344,6.095238095238095,0.013852813852813853,1344
436,1879,95.36052894947024,95.26048121633366,189.48987946596247,0.5864920616149902,0.6955931186676025,1265,5.736961451247166,0.013038548752834467,1265
437,1881,71.77842841968781,71.75141464260874,165.40254289151318,0.41583967208862305,0.47447893023490906,1437,6.517006802721088,0.014811379097093383,1437
438,1887,65.69506940833637,65.65926439759978,123.52041812145751,0.5455309748649597,0.7146437168121338,1307,5.927437641723356,0.0134714491857349,1307
439,1912,57.26017148353051,57.191865320992804,119.96421945327299,0.6406915783882141,0.5406156182289124,1336,6.058956916099773,0.013770356627499484,1336
440,1932,92.86211266369264,92.74410374563229,185.69068883135733,0.45857715606689453,0.6583525538444519,1316,5.968253968253968,0.013564213564213565,1316
441,193,64.87625870906906,64.86403689288326,143.14935055501894,0.6682215929031372,0.6823878884315491,1375,6.235827664399093,0.01417233560090703,1375
442,2011,80.41015088691663,80.26525451368603,263.6336561120917,0.3873436748981476,0.6501992344856262,1374,6.2312925170068025,0.014162028447742734,1374
443,2019,75.6178269821345,75.46873122602443,223.2001721452831,0.6268184781074524,0.6113902926445007,1338,6.068027210884353,0.013790970933828077,1338
444,2043,89.33707010811314,89.23328648900979,219.7234889681339,0.6072548627853394,0.7177267074584961,1355,6.145124716553288,0.01396619253762111,1355
445,2046,59.20193639533623,59.153439167177474,144.59821594441036,0.521014928817749,0.7101998329162598,1266,5.741496598639456,0.013048855905998764,1266
446,2057,51.130608280686964,51.14231014961282,85.68823385043852,0.5284240245819092,0.5447733402252197,1331,6.036281179138322,0.013718820861678005,1331
447,2063,80.5466059206922,80.43764360887978,181.53332516237685,0.44077664613723755,0.6841791868209839,1330,6.031746031746032,0.013708513708513708,1330
448,2083,82.97535313160554,82.79909598363498,223.13759160186171,0.5529098510742188,0.6437275409698486,1329,6.0272108843537415,0.013698206555349413,1329
449,2124,60.15555501203133,60.185436559396486,81.66553618910454,0.3717098534107208,0.6943395733833313,1351,6.126984126984127,0.013924963924963925,1351
450,2137,56.70335494582749,56.6700099230475,103.52465345711741,0.37755030393600464,0.6742334365844727,1406,6.37641723356009,0.014491857349000206,1406
451,2147,55.8623645467466,55.85511636670321,92.08119502286196,0.5332347750663757,0.5459232330322266,1334,6.049886621315193,0.013749742321170893,1334
452,2169,51.20780548916811,51.10744633092148,126.79784094017995,0.35979461669921875,0.508232831954956,1317,5.9727891156462585,0.01357452071737786,1317
453,216,57.2546032160253,57.25263846577726,57.495037659022536,0.4901341497898102,0.5680751204490662,1390,6.303854875283447,0.01432694289837147,1390
454,2181,79.32277196709727,79.16117073052834,227.93839662463245,0.6076781749725342,0.6841453909873962,1370,6.213151927437642,0.01412079983508555,1370
455,2211,51.038677796872946,51.013864296800236,104.81844863728223,0.6212525367736816,0.5907815098762512,1404,6.36734693877551,0.014471243042671614,1404
456,2241,59.29085651312014,59.24927037358495,76.61049556363061,0.49220362305641174,0.6623002290725708,1322,5.99546485260771,0.013626056483199341,1322
457,2246,53.05301490187234,53.07158830362182,87.17295384989056,0.6239328384399414,0.48222318291664124,1410,6.394557823129252,0.01453308596165739,1410
458,2278,80.86513954683937,80.77108289638795,217.68132818468757,0.6189695596694946,0.6263450980186462,1272,5.7687074829931975,0.01311069882498454,1272
459,2286,62.7692216558423,62.734706672313536,196.79698229038846,0.6098556518554688,0.5939972996711731,1429,6.480725623582766,0.014728921871779014,1429
460,2319,56.35291223110795,56.31379674986461,110.4047495197975,0.3939295709133148,0.6573658585548401,1405,6.3718820861678,0.01448155019583591,1405
461,2339,67.60965767416725,67.52486914106025,100.23338977368923,0.7037010192871094,0.4179786443710327,1346,6.104308390022676,0.013873428159142444,1346
462,2341,53.972869173081264,53.999060725892896,50.076783107337114,0.5296976566314697,0.6979839205741882,1404,6.36734693877551,0.014471243042671614,1404
463,2349,85.3088449355675,85.19258677666673,205.63561482179225,0.6208138465881348,0.6686028242111206,1375,6.235827664399093,0.01417233560090703,1375
464,2350,52.54137412304331,52.53387668417557,122.39163432125846,0.650770902633667,0.7105816006660461,1279,5.800453514739229,0.013182848897134612,1279
465,2356,91.1263231453977,90.97906328272875,210.4839892622545,0.42343929409980774,0.5925551056861877,1385,6.2811791383219955,0.01427540713254999,1385
466,2357,86.49041412087571,86.36895426641296,180.7709292899722,0.6369649171829224,0.6507824063301086,1345,6.099773242630386,0.01386312100597815,1345
467,2364,89.17414051918271,89.11634522362894,186.58331350064356,0.4784454107284546,0.5886755585670471,1361,6.172335600907029,0.014028035456606885,1361
468,2402,56.22682601307698,56.222349617994716,121.97239109695236,0.5084011554718018,0.644727885723114,1348,6.113378684807256,0.013894042465471037,1348
469,2420,74.2977581473415,74.23362692281188,213.86391985665418,0.5587801933288574,0.5727440714836121,1417,6.426303854875283,0.014605236033807463,1417
470,2437,66.4805795506775,66.47150863095231,85.64071583769052,0.6653085947036743,0.6349944472312927,1363,6.18140589569161,0.014048649762935477,1363
471,249,59.8839191271628,59.86548609051041,171.38669374782876,0.514822781085968,0.673119843006134,1305,5.918367346938775,0.013450834879406308,1305
472,2502,61.97795138134969,61.95438437254878,120.75914630416241,0.6346033215522766,0.4241844117641449,1412,6.403628117913832,0.014553700267985982,1412
473,2582,95.90354734472777,95.78301736524716,237.75786605387734,0.5847252607345581,0.43609902262687683,1345,6.099773242630386,0.01386312100597815,1345
474,2588,48.07088705463482,48.03090941996347,165.82590112105885,0.49990367889404297,0.6657823920249939,1348,6.113378684807256,0.013894042465471037,1348
475,2593,54.40839901664861,54.36519809986602,114.30424523216578,0.5928580164909363,0.5452879667282104,1322,5.99546485260771,0.013626056483199341,1322
476,2605,77.19315603884223,77.03389889323216,251.5179941799552,0.4080437421798706,0.5789769887924194,1327,6.018140589569161,0.01367759224902082,1327
477,2609,62.2663739461676,62.21679188932493,79.5990504945095,0.5925639867782593,0.5805424451828003,1272,5.7687074829931975,0.01311069882498454,1272
478,2613,75.58356303188008,75.4880716755301,157.67217116144974,0.47576847672462463,0.5071898698806763,1346,6.104308390022676,0.013873428159142444,1346
479,261,78.82834226085146,78.69465289572909,206.40176618599278,0.4871467351913452,0.5689531564712524,1362,6.1768707482993195,0.014038342609771182,1362
480,2625,98.84366441710894,98.74366685742626,244.3380179134867,0.5530921816825867,0.57927006483078,1300,5.895691609977324,0.013399299113584827,1300
481,2637,72.13282160570559,72.14250060405413,166.5700599876622,0.6081404685974121,0.6960389614105225,1304,5.913832199546485,0.013440527726242012,1304
482,2648,54.56009403390107,54.49612673866653,61.26864733888985,0.5609908699989319,0.6048822402954102,1420,6.4399092970521545,0.01463615749330035,1420
483,2689,84.76302793480785,84.68014704640538,177.96228476201625,0.518778920173645,0.4411514699459076,1287,5.836734693877551,0.013265306122448979,1287
484,268,67.39232187905827,67.25288212850752,249.3836933587958,0.47170352935791016,0.7405294179916382,1325,6.00907029478458,0.013656977942692229,1325
485,2699,76.85379550535335,76.8126631171215,206.8537953493015,0.48638686537742615,0.614312469959259,1357,6.154195011337868,0.013986806843949701,1357
486,2701,78.31033516744598,78.21780858318692,199.82963937946133,0.5595341324806213,0.5415002703666687,1425,6.462585034013605,0.01468769325912183,1425
487,2706,73.55935752136489,73.54641543106632,183.2080336339658,0.38512882590293884,0.6726071834564209,1346,6.104308390022676,0.013873428159142444,1346
488,2707,49.47922735344392,49.40370241886619,125.77331122449718,0.4786226451396942,0.7299354672431946,1391,6.308390022675737,0.014337250051535766,1391
489,271,62.16728995744198,62.11606375492253,173.81995773325937,0.6196673512458801,0.5756897330284119,1364,6.185941043083901,0.014058956916099773,1364
490,2720,60.001872745207486,59.92971485242282,147.66891744775884,0.6059877276420593,0.43113091588020325,1278,5.795918367346939,0.013172541743970315,1278
491,2726,66.45125141427057,66.41389384085092,128.67556031851967,0.42874929308891296,0.6832082867622375,1368,6.204081632653061,0.014100185528756958,1368
492,2740,75.24773297184217,75.0510060287583,234.63199840660258,0.47273415327072144,0.515288770198822,1344,6.095238095238095,0.013852813852813853,1344
493,2745,55.65253257075267,55.58096127120886,92.65555585352391,0.6574758291244507,0.7050578594207764,1262,5.723356009070295,0.01300762729334158,1262
494,2751,68.38115203187319,68.35137543599653,135.31165537875293,0.6141713261604309,0.5970160961151123,1376,6.240362811791384,0.014182642754071325,1376
495,2752,65.33681733259426,65.26803486258052,199.26902273928718,0.6208409667015076,0.7207847833633423,1306,5.9229024943310655,0.013461142032570605,1306
496,2764,67.35651214999658,67.30601544021462,146.83589582482008,0.6192837357521057,0.6360202431678772,1293,5.863945578231292,0.013327149041434755,1293
497,2776,75.69227212023374,75.54137165908156,222.49441694823935,0.6515435576438904,0.6791674494743347,1387,6.290249433106576,0.014296021438878582,1387
498,279,77.08972326784482,77.00335311086513,195.9918322927819,0.5497313737869263,0.6499924659729004,1300,5.895691609977324,0.013399299113584827,1300
499,2850,83.3589685174139,83.2462983111932,184.609833664526,0.5023449659347534,0.6728945970535278,1372,6.222222222222222,0.014141414141414142,1372
500,2859,53.585430088534345,53.54918077478376,105.32279601875726,0.356676310300827,0.515844464302063,1418,6.430839002267573,0.01461554318697176,1418
501,2869,45.77126454363775,45.707046393615414,124.67720579669016,0.3304332494735718,0.5329440236091614,1428,6.476190476190476,0.01471861471861472,1428
502,2884,54.292682101711655,54.21112542115792,121.90147460163227,0.5815607309341431,0.6072906255722046,1301,5.900226757369614,0.013409606266749124,1301
503,2886,97.97522206489545,97.81427558608999,271.29108160466325,0.5622737407684326,0.6409660577774048,1283,5.81859410430839,0.013224077509791796,1283
504,2890,63.4175997949792,63.45492930019865,80.3598912419603,0.5349870324134827,0.7184737920761108,1352,6.1315192743764175,0.013935271078128222,1352
505,2917,79.49164107978146,79.44052429415498,189.55532670056144,0.45839759707450867,0.4611251652240753,1335,6.054421768707483,0.013760049474335189,1335
506,2929,78.50298197671194,78.42133576420603,222.2243551171465,0.4722464978694916,0.6943308115005493,1308,5.931972789115647,0.013481756338899196,1308
507,2960,59.95468095500545,59.863574467200934,134.35617183075738,0.5850012898445129,0.5458434224128723,1334,6.049886621315193,0.013749742321170893,1334
508,2984,95.86391395772304,95.76576326963206,273.38914553644315,0.6104917526245117,0.5385087728500366,1408,6.3854875283446715,0.014512471655328799,1408
509,2997,53.85481482306299,53.83784927470608,146.07747171358403,0.46107640862464905,0.670610785484314,1357,6.154195011337868,0.013986806843949701,1357
510,2999,66.86228340355852,66.8857805142454,156.11313489230346,0.4646877944469452,0.6859646439552307,1360,6.167800453514739,0.014017728303442589,1360
511,3008,58.898816691652506,58.873117564702966,122.20188125387357,0.44137248396873474,0.6705825924873352,1279,5.800453514739229,0.013182848897134612,1279
512,3049,49.99479251857834,49.92093179020243,139.97901459165345,0.5884361267089844,0.6295285820960999,1452,6.585034013605442,0.014965986394557823,1452
513,3053,57.68348785874886,57.58654149526339,179.56910785241664,0.7585653066635132,0.5461048483848572,1338,6.068027210884353,0.013790970933828077,1338
514,3058,67.45517477200698,67.51215770384488,71.85918481218704,0.6657729744911194,0.5739856958389282,1256,5.696145124716553,0.012945784374355803,1256
515,3066,60.811715854695215,60.74719384639119,176.30481819917478,0.39621302485466003,0.6953884363174438,1363,6.18140589569161,0.014048649762935477,1363
516,3138,91.2737181586782,91.16158318992795,256.9603854243901,0.6701053380966187,0.6752816438674927,1280,5.804988662131519,0.013193156050298907,1280
517,3147,66.42317210883287,66.34886650494889,182.31225287417254,0.6531017422676086,0.635043203830719,1315,5.963718820861678,0.013553906411049269,1315
518,3177,49.51434580879705,49.45376448828069,165.48993072669128,0.5563804507255554,0.4977364242076874,1305,5.918367346938775,0.013450834879406308,1305
519,3196,81.8527506465104,81.73754895638814,170.87183400288887,0.6245676875114441,0.743147611618042,1349,6.117913832199546,0.013904349618635332,1349
520,321,62.929410503574985,62.88332796544241,145.07612005072863,0.6397665739059448,0.5995885729789734,1355,6.145124716553288,0.01396619253762111,1355
521,3237,70.43525798506562,70.27960259545131,217.30543289990112,0.6440327763557434,0.5932241082191467,1376,6.240362811791384,0.014182642754071325,1376
522,3246,54.628485748214594,54.6260119536322,149.56722958831003,0.5480575561523438,0.5370174646377563,1320,5.98639455782313,0.013605442176870748,1320
523,3261,48.9183335419891,48.84530889392972,87.7033434988149,0.6173145771026611,0.5008354187011719,1409,6.390022675736962,0.014522778808493094,1409
524,3271,53.77787468905054,53.70077904403233,146.3882490291081,0.6028217077255249,0.5823561549186707,1420,6.4399092970521545,0.01463615749330035,1420
525,3273,48.82477097709743,48.80080896273738,79.5953018894672,0.46760907769203186,0.7055754661560059,1378,6.249433106575964,0.014203257060399918,1378
526,3291,68.54225640633815,68.48060842605045,139.56663073150014,0.5577096343040466,0.6650132536888123,1363,6.18140589569161,0.014048649762935477,1363
527,3292,87.71057722695616,87.55228086726123,280.68262753559617,0.5524554252624512,0.5850557088851929,1380,6.258503401360544,0.01422387136672851,1380
528,3297,70.6141405223148,70.48617653965856,191.14433548816802,0.5121821761131287,0.7556929588317871,1369,6.208616780045351,0.014110492681921253,1369
529,3309,70.92290260385779,70.84898942541831,130.51901504284044,0.4692963659763336,0.5716288685798645,1351,6.126984126984127,0.013924963924963925,1351
530,3315,54.27876202440604,54.21195963433773,98.08049345413978,0.5440600514411926,0.7039744257926941,1337,6.063492063492063,0.01378066378066378,1337
531,3336,66.26489837887348,66.24379742984101,188.2591362634232,0.5859995484352112,0.6912763714790344,1336,6.058956916099773,0.013770356627499484,1336
532,3339,65.27673088545615,65.20436865633438,104.73321936732562,0.4253031611442566,0.6998603940010071,1378,6.249433106575964,0.014203257060399918,1378
533,3344,61.9732884698962,61.85392677303243,156.97840276641617,0.6575142741203308,0.4878210127353668,1359,6.163265306122449,0.014007421150278292,1359
534,3367,75.78811975029575,75.60780831714611,177.0572674625452,0.5946561694145203,0.6355510354042053,1276,5.786848072562358,0.013151927437641724,1276
535,3370,65.43826924899058,65.31614422123258,239.85466050224355,0.6707128286361694,0.6718602180480957,1250,5.668934240362812,0.012883941455370028,1250
536,3379,73.49475987770023,73.4378159281946,187.35280455230395,0.5194681286811829,0.5223285555839539,1339,6.072562358276644,0.013801278086992374,1339
537,3395,57.2327178760534,57.150129831204445,186.1943912025708,0.6001776456832886,0.6465860605239868,1280,5.804988662131519,0.013193156050298907,1280
538,3423,72.0136282864298,71.95287507724275,144.01469974667083,0.6427796483039856,0.5882165431976318,1342,6.086167800453515,0.013832199546485261,1342
539,3432,64.32515680385353,64.31168094462096,112.9120061601706,0.5700900554656982,0.6894463896751404,1363,6.18140589569161,0.014048649762935477,1363
540,3439,57.7897477690663,57.74307814026875,97.2739479130463,0.6362820863723755,0.5632087588310242,1348,6.113378684807256,0.013894042465471037,1348
541,345,71.47801365770744,71.40723732015663,175.27616950381682,0.4839923083782196,0.5775863528251648,1359,6.163265306122449,0.014007421150278292,1359
542,3484,65.0705967302184,65.02377119518563,194.37984881746414,0.3836856484413147,0.6501050591468811,1329,6.0272108843537415,0.013698206555349413,1329
543,3532,55.5313230078104,55.48544442116062,109.07841338354837,0.6191950440406799,0.5927285552024841,1361,6.172335600907029,0.014028035456606885,1361
544,3538,63.45463931567061,63.406025977759576,176.29732500142075,0.6553263068199158,0.5106377005577087,1325,6.00907029478458,0.013656977942692229,1325
545,3568,98.53100467210632,98.47075524290595,213.23533341605864,0.617424488067627,0.6468809247016907,1347,6.108843537414966,0.01388373531230674,1347
546,3580,90.74653177388547,90.58664563976937,275.377300220112,0.5971939563751221,0.5326019525527954,1288,5.841269841269841,0.013275613275613276,1288
547,3601,40.043716881423926,40.03561210846274,82.48024776791478,0.5168209671974182,0.5694377422332764,1411,6.399092970521542,0.014543393114821687,1411
548,3611,73.36237772777861,73.38550301491368,166.70137171222177,0.5572565197944641,0.646363377571106,1407,6.380952380952381,0.014502164502164502,1407
549,3614,64.78850938404645,64.77838424153457,161.92774122242707,0.5116811394691467,0.5556243658065796,1304,5.913832199546485,0.013440527726242012,1304
550,3634,56.79417744376907,56.82852413069853,129.7845063610953,0.5676448345184326,0.5342246294021606,1347,6.108843537414966,0.01388373531230674,1347
551,3639,66.84345165871633,66.76179557370905,190.60169356793935,0.603427529335022,0.4640830159187317,1336,6.058956916099773,0.013770356627499484,1336
552,3647,64.81723980276215,64.70073438823206,189.49430332764487,0.6935651302337646,0.550372838973999,1325,6.00907029478458,0.013656977942692229,1325
553,3667,54.783828738953225,54.72874836276986,130.4087645247458,0.6049635410308838,0.7068250775337219,1364,6.185941043083901,0.014058956916099773,1364
554,3674,66.58739826311984,66.51625309490342,171.89556150374915,0.7037862539291382,0.7050670981407166,1302,5.904761904761905,0.01341991341991342,1302
555,3696,68.12583399465198,68.08334282119625,180.4064022276944,0.5370413064956665,0.5503464341163635,1309,5.936507936507937,0.013492063492063493,1309
556,3703,82.13938006677172,82.08848356540723,177.54281016049694,0.608167827129364,0.6281318664550781,1354,6.140589569160998,0.013955885384456813,1354
557,3704,56.39768043779191,56.355684853535585,88.82262020508452,0.5729585886001587,0.6029675006866455,1322,5.99546485260771,0.013626056483199341,1322
558,3709,84.41228752051411,84.41945960692158,208.22774349911927,0.48136186599731445,0.6511943936347961,1317,5.9727891156462585,0.01357452071737786,1317
559,3727,57.938419770431786,57.898422817315456,130.23479265053717,0.5744898915290833,0.6685090661048889,1313,5.954648526077097,0.013533292104720675,1313
560,3736,71.48789276290077,71.47634819405725,96.10668484128004,0.44421955943107605,0.641605794429779,1338,6.068027210884353,0.013790970933828077,1338
561,3761,60.46987796252628,60.4090281204585,133.29825433787747,0.4800315797328949,0.637592613697052,1416,6.421768707482993,0.014594928880643166,1416
562,379,49.36810017032813,49.35836204668721,31.987488528150838,0.5316509008407593,0.530767560005188,1334,6.049886621315193,0.013749742321170893,1334
563,37,52.70204197652051,52.673136299733635,140.73208231311355,0.5169351100921631,0.6901880502700806,1432,6.494331065759638,0.014759843331271902,1432
564,3806,49.74299823465497,49.77868146049955,56.706771656871055,0.5206485986709595,0.639667272567749,1385,6.2811791383219955,0.01427540713254999,1385
565,3857,62.434446354864484,62.36650596433204,163.34238143081225,0.41166701912879944,0.6000667810440063,1388,6.294784580498866,0.014306328592042878,1388
566,3881,51.1953292138314,51.16054760555896,102.29878401039672,0.6322544813156128,0.5879473090171814,1399,6.344671201814059,0.014419707276850133,1399
567,389,48.188423266769604,48.17722414521589,95.78622011964036,0.46827489137649536,0.6036606431007385,1434,6.503401360544218,0.014780457637600495,1434
568,3927,92.57119203982113,92.52040165093493,195.91486527893494,0.5170817375183105,0.6246119737625122,1378,6.249433106575964,0.014203257060399918,1378
569,3975,94.9932027488566,94.96967584948304,242.1457712453865,0.46198976039886475,0.7196519374847412,1342,6.086167800453515,0.013832199546485261,1342
570,3988,70.96718823110726,70.85394515699639,128.87657376605773,0.4841506779193878,0.6099170446395874,1385,6.2811791383219955,0.01427540713254999,1385
571,3993,60.37367649334031,60.35790778936614,99.70222038321556,0.638157308101654,0.6745497584342957,1333,6.045351473922903,0.013739435168006596,1333
572,4002,50.477152264896915,50.4374942921541,99.50788371211209,0.5063363909721375,0.6738536357879639,1344,6.095238095238095,0.013852813852813853,1344
573,4007,90.60600075191459,90.49509229216366,248.10957856995384,0.5564219951629639,0.6429347991943359,1314,5.959183673469388,0.013543599257884972,1314
574,4024,55.46404114873622,55.461618168368474,96.29476575660944,0.5928559899330139,0.5935235619544983,1390,6.303854875283447,0.01432694289837147,1390
575,4034,79.88633988069583,79.70618863107379,192.3843534945892,0.5072005391120911,0.5879795551300049,1361,6.172335600907029,0.014028035456606885,1361
576,4046,72.65404241541565,72.61227058587251,150.35511929278923,0.45381179451942444,0.5735893249511719,1361,6.172335600907029,0.014028035456606885,1361
577,4056,45.56509220128231,45.55706577360569,105.42446232825691,0.3869454562664032,0.6933580040931702,1396,6.331065759637188,0.014388785817357246,1396
578,4061,106.21828701696484,106.09976096453187,320.4888467432049,0.567802369594574,0.6992371082305908,1351,6.126984126984127,0.013924963924963925,1351
579,4095,63.832702315169996,63.70062547851126,220.87179180311873,0.41922450065612793,0.6353606581687927,1335,6.054421768707483,0.013760049474335189,1335
580,4098,53.77828561778323,53.77164616536115,63.9871129690943,0.6234546303749084,0.6964596509933472,1316,5.968253968253968,0.013564213564213565,1316
581,4110,44.69691664832709,44.66919454048975,77.76564340676225,0.6398919224739075,0.6537714004516602,1290,5.850340136054422,0.013296227581941867,1290
582,411,49.794096673394094,49.817712775908696,95.20809837558399,0.4772041141986847,0.6535195708274841,1419,6.4353741496598635,0.014625850340136054,1419
583,4145,52.24604156578353,52.238032963792826,93.33255776817373,0.6785317063331604,0.4874933660030365,1346,6.104308390022676,0.013873428159142444,1346
584,4161,65.82354382214984,65.71459795294633,169.1870316550603,0.4154653251171112,0.6603556275367737,1337,6.063492063492063,0.01378066378066378,1337
585,4188,68.90598568602248,68.94527961200535,123.94342970478341,0.6973638534545898,0.6890856623649597,1328,6.022675736961451,0.013687899402185117,1328
586,4209,60.70306570306648,60.61762656070612,141.92669233511995,0.5591351985931396,0.5369200110435486,1405,6.3718820861678,0.01448155019583591,1405
587,4220,59.14015328121081,59.1080940468401,132.5389792398659,0.3511681854724884,0.6204367280006409,1354,6.140589569160998,0.013955885384456813,1354
588,4224,68.05886693858426,67.95723958609253,184.95269654077677,0.5346747040748596,0.4772317707538605,1307,5.927437641723356,0.0134714491857349,1307
589,4256,71.22859990418229,71.10226654898064,171.33394748473654,0.5215581655502319,0.672469437122345,1355,6.145124716553288,0.01396619253762111,1355
590,4264,61.399568233160664,61.33102821273969,106.13425901782318,0.3719673156738281,0.6506181359291077,1313,5.954648526077097,0.013533292104720675,1313
591,4277,74.98523905985458,75.04070058043091,124.15187227844382,0.5952293276786804,0.6540454030036926,1291,5.854875283446712,0.013306534735106164,1291
592,4287,45.25894502554902,45.244341466788384,53.749047756519005,0.5513312816619873,0.6712504029273987,1362,6.1768707482993195,0.014038342609771182,1362
593,4298,56.65182926396915,56.60500526793165,86.89341385039418,0.5243323445320129,0.44540897011756897,1305,5.918367346938775,0.013450834879406308,1305
594,4299,67.95324186648527,67.86410460520894,187.03632405734066,0.6116666793823242,0.7081932425498962,1297,5.882086167800454,0.01336837765409194,1297
595,4321,66.09794936090874,66.02663221235345,152.1985803786103,0.48128730058670044,0.5771000981330872,1388,6.294784580498866,0.014306328592042878,1388
596,4330,51.69730429789915,51.63943427941849,132.30199584185004,0.6943026781082153,0.6903271079063416,1262,5.723356009070295,0.01300762729334158,1262
597,433,65.86709349499085,65.80508382774073,133.1881522063577,0.5871165990829468,0.6701550483703613,1351,6.126984126984127,0.013924963924963925,1351
598,4346,81.36624313465104,81.23130094652552,189.52100218990313,0.5140324234962463,0.6824377775192261,1377,6.244897959183674,0.014192949907235622,1377
599,4347,48.54232357896251,48.491475667448285,129.8896008945741,0.44685134291648865,0.5365426540374756,1403,6.36281179138322,0.014460935889507318,1403
600,4391,75.57438157098501,75.42896527898023,241.13843610691572,0.5636952519416809,0.5355316996574402,1250,5.668934240362812,0.012883941455370028,1250
601,4415,70.6172096116153,70.59126116745958,119.7286208307999,0.5422704219818115,0.7197266221046448,1261,5.7188208616780045,0.012997320140177283,1261
602,4417,61.026056759599896,60.96781037588663,151.36543227904568,0.5947099328041077,0.6237744092941284,1353,6.136054421768708,0.013945578231292517,1353
603,4474,69.09055046262759,69.01795270874548,156.13931525538104,0.5739725232124329,0.5574035048484802,1348,6.113378684807256,0.013894042465471037,1348
604,4494,97.63763507920494,97.50591363858746,248.04190269335714,0.7145540118217468,0.39287853240966797,1293,5.863945578231292,0.013327149041434755,1293
605,4511,62.182495629629216,62.128529609228615,130.39675787304583,0.57142573595047,0.5695411562919617,1256,5.696145124716553,0.012945784374355803,1256
606,4516,61.775770833846096,61.77982900764368,97.1895935503784,0.3583550453186035,0.7021504640579224,1377,6.244897959183674,0.014192949907235622,1377
607,4559,57.27372099003502,57.15355306388873,157.12784216463703,0.45421192049980164,0.6725720763206482,1375,6.235827664399093,0.01417233560090703,1375
608,4568,66.8781975728563,66.75108557396265,184.8977757495033,0.5982937216758728,0.6941383481025696,1355,6.145124716553288,0.01396619253762111,1355
609,460,51.06260628971457,51.074201352262016,103.6808261273996,0.4979782998561859,0.5671613812446594,1332,6.040816326530612,0.013729128014842301,1332
610,4612,84.53169857642277,84.39114634374859,207.17011037454995,0.36846157908439636,0.6009894013404846,1273,5.773242630385488,0.013121005978148836,1273
611,4613,45.2333856842384,45.276683630706394,30.495957942151716,0.4170616865158081,0.5314288139343262,1355,6.145124716553288,0.01396619253762111,1355
612,4646,75.66382091810536,75.51571457053527,217.6158859424734,0.5382780432701111,0.5794233679771423,1337,6.063492063492063,0.01378066378066378,1337
613,4657,79.94307515692802,79.89069977138546,218.22816578749618,0.5697168111801147,0.6663845777511597,1305,5.918367346938775,0.013450834879406308,1305
614,4658,61.55847640293958,61.44625543201286,120.06218843894831,0.44475165009498596,0.5482651591300964,1382,6.267573696145124,0.0142444856730571,1382
615,4667,99.71094163894651,99.60300443755841,289.07732573199195,0.4907519519329071,0.6523459553718567,1290,5.850340136054422,0.013296227581941867,1290
616,4676,43.57428386756654,43.57559294395667,49.587442024762325,0.5285925269126892,0.664722740650177,1371,6.217687074829932,0.014131106988249846,1371
617,4721,94.54476292807801,94.52102831244385,210.55312254553039,0.47875845432281494,0.6828256845474243,1318,5.977324263038549,0.013584827870542156,1318
618,4734,69.90327873945816,69.84967935078721,165.86264469754823,0.48835238814353943,0.6786975860595703,1345,6.099773242630386,0.01386312100597815,1345
619,4744,75.15872832722837,75.11555017958396,155.6812579252693,0.5946660041809082,0.668826162815094,1306,5.9229024943310655,0.013461142032570605,1306
620,4755,65.76282086573522,65.689117899738,121.32913468512737,0.6579286456108093,0.7064425945281982,1394,6.321995464852607,0.014368171511028654,1394
621,4771,74.70074900154177,74.57841291356036,177.1115390876857,0.5623511075973511,0.6803684830665588,1341,6.081632653061225,0.013821892393320965,1341
622,4795,44.52710356319808,44.44547631661757,163.72550491838163,0.48564353585243225,0.6059491634368896,1427,6.471655328798186,0.014708307565450423,1427
623,4798,56.65180498177533,56.60374568997375,161.07835917037673,0.5622147917747498,0.6895407438278198,1301,5.900226757369614,0.013409606266749124,1301
624,483,73.39404462633797,73.35502973513553,161.77461764583538,0.5517494082450867,0.7017567157745361,1378,6.249433106575964,0.014203257060399918,1378
625,4840,83.19802378016917,83.09740923916326,262.0032213239513,0.472329318523407,0.6127649545669556,1362,6.1768707482993195,0.014038342609771182,1362
626,4852,53.42443452682953,53.427134418030285,71.75775288102908,0.5490185618400574,0.6968638896942139,1304,5.913832199546485,0.013440527726242012,1304
627,4873,62.79421145716681,62.7314334254804,177.4682684713688,0.40552616119384766,0.704258382320404,1406,6.37641723356009,0.014491857349000206,1406
628,4877,54.44235716977204,54.391353190164956,40.77112631036626,0.5916276574134827,0.5665515661239624,1322,5.99546485260771,0.013626056483199341,1322
629,4894,68.80961147465133,68.72081834537927,148.76612655280474,0.4936486482620239,0.5768813490867615,1348,6.113378684807256,0.013894042465471037,1348
630,4904,88.59185507850563,88.54993069040306,142.38563887244308,0.6209595799446106,0.6245409846305847,1327,6.018140589569161,0.01367759224902082,1327
631,4913,95.01848084975838,94.83851115993785,294.96620437452174,0.5380815267562866,0.6743884682655334,1265,5.736961451247166,0.013038548752834467,1265
632,4921,61.639521716176326,61.57395136070073,143.7270347493537,0.5309945344924927,0.6703579425811768,1432,6.494331065759638,0.014759843331271902,1432
633,4923,83.35830934079311,83.30220684100298,167.09782714357277,0.4583438038825989,0.4380028247833252,1401,6.35374149659864,0.014440321583178727,1401
634,4930,67.87554358264761,67.9229764175435,89.18995914640078,0.3093016743659973,0.6855400800704956,1366,6.195011337868481,0.014079571222428365,1366
635,4931,53.47132330957124,53.477133257748896,64.228702068397,0.5314112901687622,0.5906269550323486,1318,5.977324263038549,0.013584827870542156,1318
636,4943,80.7942210636339,80.75192398855035,207.11188130146996,0.5959581136703491,0.7063629627227783,1349,6.117913832199546,0.013904349618635332,1349
637,4949,47.4791202563215,47.460430122375584,139.31677282927387,0.7320964932441711,0.6796361804008484,1365,6.190476190476191,0.01406926406926407,1365
638,4958,91.41908757201924,91.26966848764869,249.91403448858514,0.651817262172699,0.5776985883712769,1315,5.963718820861678,0.013553906411049269,1315
639,4976,61.44655602782851,61.42269225289011,57.831554379653625,0.6150250434875488,0.7207111716270447,1274,5.777777777777778,0.013131313131313131,1274
640,4985,80.18436071390288,80.03426585423648,249.76860456483098,0.5114741325378418,0.6857553720474243,1385,6.2811791383219955,0.01427540713254999,1385
641,4993,84.80808797914965,84.65791303281391,252.23243726482949,0.5889219045639038,0.676624059677124,1242,5.63265306122449,0.012801484230055659,1242
642,4998,64.80461339024392,64.79991963774857,155.03893092879707,0.6025668382644653,0.6505094170570374,1270,5.759637188208616,0.013090084518655946,1270
643,4,75.25409292509065,75.24259443308704,163.19642237408237,0.6342951059341431,0.6377966403961182,1314,5.959183673469388,0.013543599257884972,1314
644,5011,67.91585398286693,67.8586349764118,129.38241589917936,0.683469295501709,0.6605814099311829,1304,5.913832199546485,0.013440527726242012,1304
645,5013,55.61546593725538,55.572382860465545,106.22944240835969,0.613734245300293,0.606275200843811,1347,6.108843537414966,0.01388373531230674,1347
646,5026,62.33105182697613,62.343155270199446,108.77999242148036,0.475391685962677,0.6591002345085144,1352,6.1315192743764175,0.013935271078128222,1352
647,5031,66.04547452369347,66.04599996313388,171.84033225321588,0.6494752764701843,0.4379897117614746,1302,5.904761904761905,0.01341991341991342,1302
648,5044,48.21062841980883,48.15737833587386,105.21260132858036,0.3170096278190613,0.5402981638908386,1370,6.213151927437642,0.01412079983508555,1370
649,5059,53.411295818416086,53.35989491433077,82.32843777455994,0.4129181504249573,0.4752005338668823,1368,6.204081632653061,0.014100185528756958,1368
650,5090,78.4460244117779,78.34977494800245,215.7605586891529,0.5297296643257141,0.6234879493713379,1313,5.954648526077097,0.013533292104720675,1313
651,5094,43.61996863673848,43.625401376913516,48.044050442236795,0.6650480031967163,0.5538652539253235,1383,6.272108843537415,0.014254792826221397,1383
652,509,89.81739115158571,89.73940682939539,230.38831077121856,0.4595414102077484,0.6868488192558289,1383,6.272108843537415,0.014254792826221397,1383
653,5101,54.60549753000737,54.577343236582614,127.11151004012372,0.6418243646621704,0.5639530420303345,1309,5.936507936507937,0.013492063492063493,1309
654,5115,38.83355982365185,38.80432962079826,122.26625640608626,0.6537469029426575,0.5710674524307251,1375,6.235827664399093,0.01417233560090703,1375
655,5160,72.81852058507745,72.746172426464,210.603941978835,0.5895589590072632,0.51236492395401,1275,5.782312925170068,0.013141620284477427,1275
656,5173,87.55198465083836,87.40253914041766,275.84184934577223,0.6018121838569641,0.6998905539512634,1353,6.136054421768708,0.013945578231292517,1353
657,5181,72.09483101619668,72.01472267041392,174.85317855613428,0.6693443655967712,0.6629061698913574,1345,6.099773242630386,0.01386312100597815,1345
658,5204,73.31727059326623,73.3159011192583,79.33616030364294,0.6101855635643005,0.709873616695404,1285,5.827664399092971,0.013244691816120388,1285
659,5219,69.67492708967853,69.5787680434269,207.6008395605706,0.5194153189659119,0.6341716051101685,1324,6.00453514739229,0.013646670789527932,1324
660,5239,68.28627055325008,68.21724845279084,203.1061462090193,0.547867476940155,0.6504100561141968,1378,6.249433106575964,0.014203257060399918,1378
661,523,59.68146741916864,59.67068290379395,94.70267219285758,0.5106237530708313,0.4912984073162079,1395,6.326530612244898,0.01437847866419295,1395
662,5248,51.56383020632484,51.52283165236578,176.34072894779973,0.487554669380188,0.6606998443603516,1439,6.526077097505669,0.014831993403421975,1439
663,5264,72.67189755813521,72.59179841680692,206.3292684447374,0.5692236423492432,0.6299763917922974,1355,6.145124716553288,0.01396619253762111,1355
664,5268,52.22837793240384,52.26679704184216,103.94348983471913,0.5616365671157837,0.6063152551651001,1326,6.01360544217687,0.013667285095856524,1326
665,5272,87.2739942799279,87.13563685120374,292.1903804066042,0.5042254328727722,0.696429431438446,1328,6.022675736961451,0.013687899402185117,1328
666,5290,50.39166008157557,50.34706211725837,128.86319069139648,0.570449709892273,0.5076717138290405,1320,5.98639455782313,0.013605442176870748,1320
667,5291,62.49326670410458,62.499435480988176,130.39401803218328,0.5789681077003479,0.45536744594573975,1391,6.308390022675737,0.014337250051535766,1391
668,5316,75.46075923400907,75.44520997290292,173.36610450374803,0.6778692603111267,0.5334218740463257,1298,5.886621315192744,0.013378684807256236,1298
669,531,59.40036313729559,59.40342627033463,129.21748894055858,0.5966546535491943,0.7118024230003357,1354,6.140589569160998,0.013955885384456813,1354
670,5350,80.32566769232692,80.22781046640952,205.55590675602372,0.6182494163513184,0.6249055862426758,1342,6.086167800453515,0.013832199546485261,1342
671,5352,56.822745612986786,56.86044651885992,76.19292932290534,0.4916438162326813,0.5833122730255127,1261,5.7188208616780045,0.012997320140177283,1261
672,535,61.504037840247236,61.45403033271788,103.45929126022328,0.4528452754020691,0.6240648627281189,1325,6.00907029478458,0.013656977942692229,1325
673,5362,60.24626018976264,60.14355867169315,145.7391685667477,0.49629709124565125,0.6507994532585144,1356,6.149659863945578,0.013976499690785404,1356
674,5385,67.11227133238417,67.01905477485919,207.738537652154,0.5859264135360718,0.7126507759094238,1351,6.126984126984127,0.013924963924963925,1351
675,5389,62.03762471079051,61.96365362862605,115.9467533730689,0.6242666840553284,0.7026733756065369,1328,6.022675736961451,0.013687899402185117,1328
676,5391,80.17942240778707,80.08266968083261,212.54684969872383,0.4248836636543274,0.6723576188087463,1279,5.800453514739229,0.013182848897134612,1279
677,53,49.312673918452816,49.362844121934494,81.17625600346024,0.4877404272556305,0.6405762434005737,1370,6.213151927437642,0.01412079983508555,1370
678,5417,77.29373958814688,77.32948628201578,156.04639927945337,0.5153771638870239,0.7067139744758606,1379,6.253968253968254,0.014213564213564213,1379
679,5426,68.88607405708822,68.77562992737674,175.83448234417193,0.5364338159561157,0.6802871823310852,1281,5.809523809523809,0.013203463203463203,1281
680,5427,41.43961100687686,41.450696674361964,37.970519907049294,0.5512225031852722,0.5786910057067871,1343,6.090702947845805,0.013842506699649556,1343
681,5454,67.06332471468399,67.0015302721832,231.73142865803413,0.5217026472091675,0.548327624797821,1249,5.6643990929705215,0.012873634302205731,1249
682,5456,102.35880817955429,102.24976091039319,221.04810120300957,0.7067247629165649,0.7025268077850342,1305,5.918367346938775,0.013450834879406308,1305
683,5487,61.21876365849545,61.17052399356644,162.60054095439972,0.5653689503669739,0.6918283700942993,1316,5.968253968253968,0.013564213564213565,1316
684,5499,69.20487598388752,69.08386621872538,164.97782108471108,0.5207226276397705,0.6671108603477478,1359,6.163265306122449,0.014007421150278292,1359
685,5509,54.64198384861654,54.58675852855212,114.8789451875485,0.522416889667511,0.5094633102416992,1341,6.081632653061225,0.013821892393320965,1341
686,5528,91.85825473655761,91.73717076292918,214.5492186989981,0.5059918761253357,0.46006762981414795,1365,6.190476190476191,0.01406926406926407,1365
687,556,62.82994199407607,62.6993507218375,159.24720327817485,0.5474509596824646,0.6261940002441406,1261,5.7188208616780045,0.012997320140177283,1261
688,5602,74.91265925248516,74.87873145086792,186.4666558255418,0.6270743012428284,0.5774478316307068,1359,6.163265306122449,0.014007421150278292,1359
689,5605,57.5109294247893,57.45242259728716,153.3872923972111,0.5939404964447021,0.6702291369438171,1410,6.394557823129252,0.01453308596165739,1410
690,5616,84.09699800755946,84.10117474090148,173.61296326328676,0.6120343804359436,0.6536973118782043,1391,6.308390022675737,0.014337250051535766,1391
691,5622,76.5886318643668,76.48421726675684,133.6292227762314,0.42708393931388855,0.6105958819389343,1372,6.222222222222222,0.014141414141414142,1372
692,5623,52.48145291420271,52.44368210189864,112.39365719371938,0.3663831949234009,0.6358012557029724,1373,6.226757369614512,0.014151721294578437,1373
693,5641,76.40121368070996,76.27515206886939,175.72884438457078,0.5393114686012268,0.5366734266281128,1354,6.140589569160998,0.013955885384456813,1354
694,5642,69.45254485105158,69.38183967407792,211.65451394766305,0.6283506751060486,0.375963032245636,1383,6.272108843537415,0.014254792826221397,1383
695,5663,60.27631540244018,60.18828236353923,184.20782148290175,0.6043252944946289,0.7148777842521667,1389,6.299319727891157,0.014316635745207173,1389
696,5687,65.20759274892029,65.11760320702702,227.69479351004708,0.6643455028533936,0.662481427192688,1401,6.35374149659864,0.014440321583178727,1401
697,5698,58.240608598931594,58.17410071268815,194.23539253866215,0.5041943788528442,0.46129998564720154,1436,6.512471655328798,0.014801071943929087,1436
698,5761,78.243961186186,78.15930288684649,206.63010254370175,0.5653894543647766,0.6199339032173157,1332,6.040816326530612,0.013729128014842301,1332
699,576,68.40333211146562,68.30991290831825,164.57211053903387,0.5376444458961487,0.5996223092079163,1371,6.217687074829932,0.014131106988249846,1371
700,5777,87.15593470548433,87.02807512102333,284.42531963572,0.5174047350883484,0.7144840955734253,1287,5.836734693877551,0.013265306122448979,1287
701,5812,53.72612617851299,53.72958307351407,74.81418396660054,0.47387123107910156,0.5554133057594299,1321,5.99092970521542,0.013615749330035044,1321
702,5813,46.35377981330519,46.37289934078246,69.1886335421609,0.5173489451408386,0.7016120553016663,1390,6.303854875283447,0.01432694289837147,1390
703,5823,48.651357453912595,48.629212796101264,101.3547371760535,0.5331931710243225,0.5703117251396179,1356,6.149659863945578,0.013976499690785404,1356
704,5826,62.35707185445409,62.31541891326658,153.04297631089503,0.6749458909034729,0.7491286396980286,1364,6.185941043083901,0.014058956916099773,1364
705,5851,62.636995488501874,62.64427406358117,172.27414042051223,0.5075669288635254,0.6179906725883484,1262,5.723356009070295,0.01300762729334158,1262
706,5852,79.90638869408812,79.78145183619986,240.75904190334577,0.47172847390174866,0.687886655330658,1333,6.045351473922903,0.013739435168006596,1333
707,5857,78.2273923900127,78.24983281581362,214.8204988361359,0.6262637972831726,0.6729442477226257,1358,6.158730158730159,0.013997113997113998,1358
708,585,66.01312540007773,65.92918688646618,179.66484532639217,0.5519328713417053,0.7192562222480774,1332,6.040816326530612,0.013729128014842301,1332
709,5863,69.82960302186747,69.75577878040808,169.0949941186723,0.3635111153125763,0.708185613155365,1323,6.0,0.013636363636363636,1323
710,586,67.31812402193842,67.27523214448122,149.88237447091907,0.6349937915802002,0.5103307366371155,1442,6.5396825396825395,0.014862914862914862,1442
711,5875,81.20536260022695,81.1664989612107,229.46166290665033,0.5235410928726196,0.5987268686294556,1368,6.204081632653061,0.014100185528756958,1368
712,5890,89.24242741309085,89.22219784041472,282.25930838970623,0.6561935544013977,0.605228066444397,1357,6.154195011337868,0.013986806843949701,1357
713,5896,54.60765306290145,54.613860886540024,129.9532307518786,0.6170234680175781,0.5084832310676575,1368,6.204081632653061,0.014100185528756958,1368
714,5925,75.33608896364478,75.29265196609329,197.24200143789122,0.499161034822464,0.6907554268836975,1284,5.8231292517006805,0.013234384662956091,1284
715,5927,51.90252035378371,51.86699772525807,109.91914379706792,0.5402664542198181,0.6153354048728943,1339,6.072562358276644,0.013801278086992374,1339
716,5934,73.82993820232113,73.78550693958124,223.6195675843416,0.44045162200927734,0.6314265131950378,1368,6.204081632653061,0.014100185528756958,1368
717,5943,70.00858793419303,69.89910038294178,153.60458763408468,0.5102404952049255,0.6304094791412354,1354,6.140589569160998,0.013955885384456813,1354
718,5947,49.648126018971,49.56717782145656,92.45501571333261,0.4983097016811371,0.5682590007781982,1341,6.081632653061225,0.013821892393320965,1341
719,5958,60.409790421240714,60.343357942680846,165.0534784208039,0.4462072551250458,0.6009699106216431,1408,6.3854875283446715,0.014512471655328799,1408
720,5965,76.37206348274522,76.27160127865281,214.3905940066286,0.5710134506225586,0.4853040277957916,1389,6.299319727891157,0.014316635745207173,1389
721,5970,56.408551325787755,56.31952164420455,128.65207447665597,0.630455493927002,0.6524092555046082,1377,6.244897959183674,0.014192949907235622,1377
722,5974,67.92245582307261,67.82999773213858,176.5525201256187,0.5449072122573853,0.612888753414154,1393,6.317460317460317,0.014357864357864358,1393
723,6013,60.521302086683974,60.48289253581563,148.13013160526464,0.5632640719413757,0.5188939571380615,1351,6.126984126984127,0.013924963924963925,1351
724,6016,67.16943081436533,67.11648187126632,202.86524853527004,0.5791472792625427,0.6621713042259216,1418,6.430839002267573,0.01461554318697176,1418
725,6027,52.09886982915155,52.04267453853728,109.64821028133315,0.37601524591445923,0.411813884973526,1458,6.612244897959184,0.015027829313543599,1458
726,6091,60.572186474181926,60.46519862422108,164.37664777311898,0.5994628071784973,0.6336717009544373,1297,5.882086167800454,0.01336837765409194,1297
727,6125,76.44153120487954,76.35449509558403,180.1312974509016,0.5683757066726685,0.5071035027503967,1351,6.126984126984127,0.013924963924963925,1351
728,6138,45.824498361635364,45.85704817477201,74.33053551948065,0.5350288152694702,0.6502490639686584,1410,6.394557823129252,0.01453308596165739,1410
729,6149,70.52433372011468,70.50943229441481,170.28488075748916,0.5692117810249329,0.5753292441368103,1215,5.510204081632653,0.012523191094619666,1215
730,6181,80.63555125211057,80.55810486574956,194.15157291430722,0.6852065324783325,0.6916407346725464,1316,5.968253968253968,0.013564213564213565,1316
731,6188,64.08608224676476,64.04692775203401,117.61398712670233,0.6579890251159668,0.6749966144561768,1337,6.063492063492063,0.01378066378066378,1337
732,6194,59.97559275739182,59.947201969018835,100.43631073536403,0.673614501953125,0.5839009881019592,1327,6.018140589569161,0.01367759224902082,1327
733,6217,48.31770747936738,48.26063410315771,90.4108283856962,0.6475333571434021,0.5702173709869385,1307,5.927437641723356,0.0134714491857349,1307
734,6255,59.728866656629414,59.71184447887222,69.79696421113977,0.5117585062980652,0.6569987535476685,1394,6.321995464852607,0.014368171511028654,1394
735,6271,63.085148214474096,63.01723827522826,112.89213241940215,0.45550259947776794,0.5892772674560547,1396,6.331065759637188,0.014388785817357246,1396
736,6368,87.67149266451081,87.62733692975024,231.0336118754982,0.46561869978904724,0.65517657995224,1346,6.104308390022676,0.013873428159142444,1346
737,6373,58.496844463531,58.52990558340988,32.71236772128591,0.5979664921760559,0.7362633943557739,1364,6.185941043083901,0.014058956916099773,1364
738,637,68.81793695037064,68.71273225947589,179.10774579247988,0.5578042268753052,0.7635942101478577,1345,6.099773242630386,0.01386312100597815,1345
739,6389,52.90899377647182,52.84538804143884,126.13558602339512,0.703098714351654,0.5706093311309814,1342,6.086167800453515,0.013832199546485261,1342
740,6395,46.4534472521153,46.452365885804106,72.97364524152879,0.4018520414829254,0.6214081645011902,1444,6.54875283446712,0.014883529169243456,1444
741,6402,62.099328356058535,62.08971025754596,97.21784883696495,0.565828263759613,0.575567901134491,1363,6.18140589569161,0.014048649762935477,1363
742,6403,48.716333660373635,48.71905256241175,99.85983797400529,0.5282196998596191,0.5862997770309448,1308,5.931972789115647,0.013481756338899196,1308
743,644,99.11088309925552,98.98577570570444,300.9206755349128,0.6603947877883911,0.6880066990852356,1319,5.981859410430839,0.013595135023706453,1319
744,6470,67.3555203013643,67.24011513143543,179.83643959513705,0.46177759766578674,0.6208164691925049,1374,6.2312925170068025,0.014162028447742734,1374
745,6479,69.42269829409292,69.30641891438901,176.3837549210989,0.5029001235961914,0.6081958413124084,1272,5.7687074829931975,0.01311069882498454,1272
746,6484,89.56801933468512,89.50550432274676,234.42110381592093,0.6059358716011047,0.7248047590255737,1327,6.018140589569161,0.01367759224902082,1327
747,6518,41.814048894757114,41.79356198391929,84.99054396501525,0.5519627928733826,0.5609161853790283,1408,6.3854875283446715,0.014512471655328799,1408
748,6520,80.7420137569825,80.69576773180873,207.48233441124125,0.5458093285560608,0.5668926239013672,1401,6.35374149659864,0.014440321583178727,1401
749,6526,75.29606288516042,75.22120395949868,145.06591075636825,0.4768702983856201,0.6201249957084656,1311,5.945578231292517,0.013512677798392084,1311
750,6531,90.96159756240799,90.96767845515883,185.4811366104119,0.5571796298027039,0.715028703212738,1325,6.00907029478458,0.013656977942692229,1325
751,6536,89.32831736991467,89.22998724758892,259.3714912012835,0.6024821400642395,0.7299915552139282,1353,6.136054421768708,0.013945578231292517,1353
752,6543,51.2275598473767,51.17866161796423,170.87476872387518,0.525459885597229,0.6347039341926575,1423,6.453514739229025,0.014667078952793238,1423
753,6545,51.367685217496124,51.32369206036349,58.52029874149035,0.49456965923309326,0.7095464468002319,1272,5.7687074829931975,0.01311069882498454,1272
754,6558,62.75742847237796,62.728624533272274,95.25169856993402,0.6422358751296997,0.5141634345054626,1374,6.2312925170068025,0.014162028447742734,1374
755,6561,56.861892008931015,56.784062047102914,130.5547208280382,0.6766166687011719,0.6855363845825195,1298,5.886621315192744,0.013378684807256236,1298
756,6570,64.67722765168189,64.6194915021653,163.35608977637824,0.5108505487442017,0.6529026031494141,1297,5.882086167800454,0.01336837765409194,1297
757,6575,52.18718830045006,52.14134809116927,109.32673111427985,0.5548975467681885,0.5878157019615173,1428,6.476190476190476,0.01471861471861472,1428
758,6588,41.148195168698386,41.12722168934536,84.82410200840043,0.5236994624137878,0.5747456550598145,1321,5.99092970521542,0.013615749330035044,1321
759,6606,76.44202717061046,76.37376849591315,212.80793868322078,0.5123416781425476,0.7010878920555115,1335,6.054421768707483,0.013760049474335189,1335
760,6608,79.788143460934,79.7024491984695,232.1698365395924,0.5618426203727722,0.6283537745475769,1325,6.00907029478458,0.013656977942692229,1325
761,6620,73.76780263885846,73.66036264372369,200.74524953037886,0.6208131909370422,0.6573613882064819,1277,5.791383219954649,0.013162234590806019,1277
762,6637,96.55466320652943,96.4210136519972,292.23532524379465,0.5158236026763916,0.7007319331169128,1337,6.063492063492063,0.01378066378066378,1337
763,6638,57.714978791557755,57.62019117666055,131.4750583887157,0.4450320303440094,0.678223729133606,1362,6.1768707482993195,0.014038342609771182,1362
764,6650,84.5711861464017,84.49855963704884,116.83916740519196,0.6949149370193481,0.7088152170181274,1332,6.040816326530612,0.013729128014842301,1332
765,6662,61.863354618627355,61.76835899969135,227.1834952844875,0.42533183097839355,0.495245099067688,1390,6.303854875283447,0.01432694289837147,1390
766,6668,83.26429276702048,83.15311749153562,221.16137921367715,0.6338244676589966,0.7092210054397583,1380,6.258503401360544,0.01422387136672851,1380
767,6706,67.98100452394868,67.82232053988712,186.3502236638632,0.5590164065361023,0.47916552424430847,1278,5.795918367346939,0.013172541743970315,1278
768,670,71.18884346420661,71.16734858669349,183.09890328783138,0.4732537865638733,0.6982471942901611,1315,5.963718820861678,0.013553906411049269,1315
769,6723,59.65069757805544,59.69706352425833,121.48241910400023,0.6445536613464355,0.556840717792511,1375,6.235827664399093,0.01417233560090703,1375
770,673,77.4473754859762,77.36523662730845,178.61978894667254,0.453900009393692,0.4830792248249054,1344,6.095238095238095,0.013852813852813853,1344
771,6790,72.14426279063524,72.08151030996007,137.9889380055166,0.653301477432251,0.7266428470611572,1275,5.782312925170068,0.013141620284477427,1275
772,6807,47.08387235919168,47.14835367043056,75.27124673771165,0.5391215682029724,0.5404306054115295,1357,6.154195011337868,0.013986806843949701,1357
773,6809,56.56274261875933,56.508912961745516,166.87158900161577,0.6098213791847229,0.541757345199585,1388,6.294784580498866,0.014306328592042878,1388
774,6815,75.08156095488738,75.05263622862115,132.31480299070438,0.6303146481513977,0.6796266436576843,1357,6.154195011337868,0.013986806843949701,1357
775,681,63.69250387947338,63.69943651409569,162.9346451550745,0.4580589234828949,0.5289014577865601,1335,6.054421768707483,0.013760049474335189,1335
776,6831,74.01007239850034,73.95296143615283,124.12292712578386,0.4564838409423828,0.4764976501464844,1321,5.99092970521542,0.013615749330035044,1321
777,6854,57.786281345556496,57.79132402867002,76.85730903149737,0.5827810764312744,0.6684289574623108,1364,6.185941043083901,0.014058956916099773,1364
778,6859,56.41105259570241,56.352228819263026,143.9377148560142,0.5486069917678833,0.6927027702331543,1405,6.3718820861678,0.01448155019583591,1405
779,6865,77.4940316784647,77.47665287170099,188.09895666442617,0.5289535522460938,0.4579361379146576,1328,6.022675736961451,0.013687899402185117,1328
780,6893,46.77822991212874,46.7693383719065,28.14456174046321,0.5556671619415283,0.6723147034645081,1452,6.585034013605442,0.014965986394557823,1452
781,6903,82.63923232886167,82.61846410499484,191.7638458343505,0.5300971269607544,0.5678388476371765,1337,6.063492063492063,0.01378066378066378,1337
782,6909,48.24087677469051,48.18295329102182,161.2841556701935,0.4977664053440094,0.7038286924362183,1358,6.158730158730159,0.013997113997113998,1358
783,6919,57.122975367087136,57.10368323089941,94.30058913731422,0.6839743852615356,0.6282111406326294,1327,6.018140589569161,0.01367759224902082,1327
784,6928,43.707008758312796,43.69886037178228,66.79773174396676,0.5122564435005188,0.7165474891662598,1326,6.01360544217687,0.013667285095856524,1326
785,6931,84.74532810274411,84.72021908268827,215.8227845899452,0.48612266778945923,0.592157244682312,1342,6.086167800453515,0.013832199546485261,1342
786,6937,50.511656414009344,50.41428640679265,157.31502029599437,0.556370735168457,0.6219815611839294,1390,6.303854875283447,0.01432694289837147,1390
787,6939,61.80725348488386,61.758845721929056,133.0961443510611,0.6219690442085266,0.5405809879302979,1305,5.918367346938775,0.013450834879406308,1305
788,6952,52.77780952106169,52.75102801698606,135.15420717349545,0.5089389681816101,0.5876817107200623,1319,5.981859410430839,0.013595135023706453,1319
789,6957,68.39630097706996,68.37745994146003,47.839590936319716,0.472445547580719,0.6391869187355042,1343,6.090702947845805,0.013842506699649556,1343
790,6970,50.26551326099442,50.2792029515206,58.95569844674288,0.5113388299942017,0.6893340349197388,1357,6.154195011337868,0.013986806843949701,1357
791,6977,78.06079530166983,77.93387409576745,227.1459601208188,0.613832414150238,0.699540913105011,1344,6.095238095238095,0.013852813852813853,1344
792,6978,68.04744891450005,67.94783651572403,129.09501996733002,0.49889281392097473,0.6298096179962158,1353,6.136054421768708,0.013945578231292517,1353
793,6980,46.527343194344795,46.54590352940614,62.618031242196416,0.5067533850669861,0.6359869837760925,1361,6.172335600907029,0.014028035456606885,1361
794,7032,59.695634920699966,59.68060957127688,98.71925102852458,0.562769889831543,0.6861265897750854,1257,5.700680272108843,0.012956091527520098,1257
795,7042,77.93831414644593,77.82038103507657,191.55686965433483,0.5715051293373108,0.5587167739868164,1308,5.931972789115647,0.013481756338899196,1308
796,7054,89.58905718924942,89.46869429390095,248.95756225236616,0.6299508213996887,0.6897059082984924,1344,6.095238095238095,0.013852813852813853,1344
797,7067,69.52423718253179,69.43107967491443,159.83794430744203,0.5814223289489746,0.5592349171638489,1394,6.321995464852607,0.014368171511028654,1394
798,7069,48.39889485290802,48.34258404208231,74.1296990274783,0.4331139326095581,0.5588611364364624,1345,6.099773242630386,0.01386312100597815,1345
799,7077,63.111967931686785,63.04520959634314,155.42505691195066,0.5052453875541687,0.5674659609794617,1351,6.126984126984127,0.013924963924963925,1351
800,7083,80.19790388705344,80.10810094740219,235.34160592274475,0.5755890011787415,0.7036204934120178,1285,5.827664399092971,0.013244691816120388,1285
801,7095,37.876739013920584,37.919848639300945,58.511815711908355,0.6356977820396423,0.4877009391784668,1401,6.35374149659864,0.014440321583178727,1401
802,7131,56.473276280359066,56.45277910790901,99.11936464891495,0.437289834022522,0.5676977634429932,1388,6.294784580498866,0.014306328592042878,1388
803,7141,74.53326997740203,74.40782242966826,248.55585045008257,0.639365017414093,0.6223642826080322,1293,5.863945578231292,0.013327149041434755,1293
804,7145,80.59849059591456,80.38997265145014,246.61599180715592,0.3953443467617035,0.6888989806175232,1419,6.4353741496598635,0.014625850340136054,1419
805,7166,47.82124694337053,47.72502848582027,151.38979916286547,0.5004974603652954,0.572793185710907,1419,6.4353741496598635,0.014625850340136054,1419
806,7174,65.79865532081709,65.7837251280893,71.15557233415329,0.35637006163597107,0.5019627809524536,1368,6.204081632653061,0.014100185528756958,1368
807,7193,58.39842080938355,58.409365739165615,75.38466111053454,0.7126807570457458,0.5481211543083191,1298,5.886621315192744,0.013378684807256236,1298
808,7202,62.046203246677756,62.09322704500598,73.18480445127756,0.39455726742744446,0.7263137102127075,1361,6.172335600907029,0.014028035456606885,1361
809,7214,94.57319107249478,94.44353169359896,273.3307129029213,0.49341437220573425,0.6029677391052246,1360,6.167800453514739,0.014017728303442589,1360
810,7245,74.02382815845651,73.94767576770406,166.2059287254173,0.6989465951919556,0.6649395823478699,1286,5.832199546485261,0.013254998969284684,1286
811,724,79.22881744667964,79.18297559892272,163.08475143366027,0.4338635504245758,0.6465843915939331,1339,6.072562358276644,0.013801278086992374,1339
812,7266,64.76899292786634,64.72389760522988,104.37206519713791,0.5310661792755127,0.5395485162734985,1294,5.8684807256235825,0.013337456194599051,1294
813,726,60.630895116972,60.56555054799124,148.76605007694667,0.4718690812587738,0.7053865194320679,1401,6.35374149659864,0.014440321583178727,1401
814,7284,65.32465650810082,65.30356553581795,128.65998776790647,0.5178423523902893,0.6695897579193115,1346,6.104308390022676,0.013873428159142444,1346
815,7291,79.9237054693991,79.91280290041455,144.05663887781895,0.6556046605110168,0.6836075782775879,1298,5.886621315192744,0.013378684807256236,1298
816,72,70.2958957257187,70.22513880094527,138.65739456775944,0.6604744791984558,0.7355114221572876,1290,5.850340136054422,0.013296227581941867,1290
817,7303,83.61071628465677,83.53181874571472,294.1362712068533,0.4989793300628662,0.711216390132904,1311,5.945578231292517,0.013512677798392084,1311
818,7307,74.26703710580571,74.28109386221614,101.1447068423175,0.48388126492500305,0.6225414872169495,1322,5.99546485260771,0.013626056483199341,1322
819,7315,67.7160348194358,67.60106582937391,227.71155036063087,0.6994566917419434,0.7013012766838074,1346,6.104308390022676,0.013873428159142444,1346
820,7317,69.20315443980355,69.16920916946596,89.89206728095684,0.4600774347782135,0.5517534017562866,1365,6.190476190476191,0.01406926406926407,1365
821,7328,69.21813323102094,69.21501969357519,120.82204177436104,0.6473018527030945,0.6174675822257996,1375,6.235827664399093,0.01417233560090703,1375
822,7355,62.01410313114402,61.990245307049406,206.8845801423833,0.6565120220184326,0.6902214288711548,1349,6.117913832199546,0.013904349618635332,1349
823,7380,84.12535167665051,84.0706921385902,195.9799218345369,0.6437165141105652,0.5671702027320862,1285,5.827664399092971,0.013244691816120388,1285
824,73,63.71064923523847,63.684276565601614,190.80702040680498,0.511517345905304,0.6324380040168762,1384,6.276643990929705,0.014265099979385694,1384
825,7403,79.00002569551317,78.93549781801347,206.80919881168597,0.5504679679870605,0.702628493309021,1347,6.108843537414966,0.01388373531230674,1347
826,7414,55.92062954439671,55.83269456615753,176.56252939552004,0.6508602499961853,0.6646667718887329,1407,6.380952380952381,0.014502164502164502,1407
827,741,112.9876070118073,112.91356985849096,259.97895433983405,0.4723707437515259,0.7173356413841248,1354,6.140589569160998,0.013955885384456813,1354
828,7432,98.2575893658809,98.12108042996034,225.6124176325037,0.4891873300075531,0.4708869159221649,1298,5.886621315192744,0.013378684807256236,1298
829,743,60.16944647356481,60.22536976475729,87.69868588338831,0.6489309668540955,0.5578047633171082,1342,6.086167800453515,0.013832199546485261,1342
830,7450,68.37985459662924,68.25693332815737,180.7162069079261,0.5456852316856384,0.6242855787277222,1346,6.104308390022676,0.013873428159142444,1346
831,7457,73.44351974485441,73.43066682906795,161.83712222734505,0.5905041098594666,0.4409325122833252,1347,6.108843537414966,0.01388373531230674,1347
832,7506,68.82560199677992,68.72433054785688,191.74772927213377,0.5306749939918518,0.6761833429336548,1279,5.800453514739229,0.013182848897134612,1279
833,7538,61.91501090215273,61.826136050253545,168.59139870993252,0.42770829796791077,0.5616698861122131,1401,6.35374149659864,0.014440321583178727,1401
834,7555,59.92545671554024,59.855343579668954,140.9513163201784,0.4802066683769226,0.6023815274238586,1322,5.99546485260771,0.013626056483199341,1322
835,7559,77.10324689336728,76.95736224867356,251.6463182820496,0.6752007603645325,0.5966074466705322,1381,6.263038548752834,0.014234178519892806,1381
836,7569,48.93517441396721,48.88085695681884,134.84118453734294,0.5756243467330933,0.6758505702018738,1373,6.226757369614512,0.014151721294578437,1373
837,7584,59.28893878526856,59.258497907333044,88.50282582057419,0.6536370515823364,0.6398486495018005,1376,6.240362811791384,0.014182642754071325,1376
838,7607,59.215881354633915,59.20017713522254,93.67908544206193,0.5507400035858154,0.6313564777374268,1352,6.1315192743764175,0.013935271078128222,1352
839,7608,75.05998656062444,75.010021960761,116.73463554773403,0.6740879416465759,0.6113757491111755,1354,6.140589569160998,0.013955885384456813,1354
840,7618,57.74897594719286,57.714286859042176,84.60583702178793,0.42981797456741333,0.6867939829826355,1388,6.294784580498866,0.014306328592042878,1388
841,7626,67.01242700125024,66.9546519075931,197.84106551987904,0.4627511501312256,0.6510239839553833,1364,6.185941043083901,0.014058956916099773,1364
842,762,92.18022237297465,92.06853628657792,215.6651033708754,0.4875161647796631,0.6912943124771118,1378,6.249433106575964,0.014203257060399918,1378
843,7653,84.58522660937959,84.55735923939244,183.12936459489643,0.510204017162323,0.6043695211410522,1284,5.8231292517006805,0.013234384662956091,1284
844,7666,45.33411656415214,45.34358610843056,98.79766681091586,0.511126697063446,0.6956531405448914,1286,5.832199546485261,0.013254998969284684,1286
845,7679,53.01197695752604,52.9460120571357,116.78537039994768,0.702433705329895,0.5628247857093811,1361,6.172335600907029,0.014028035456606885,1361
846,767,83.14589273947912,82.9629385696175,229.12706047745655,0.517250120639801,0.6943057775497437,1346,6.104308390022676,0.013873428159142444,1346
847,7680,63.27898186397191,63.237489867864355,86.58677902961104,0.6538286805152893,0.6833176612854004,1438,6.521541950113379,0.014821686250257678,1438
848,7691,116.12170964162101,115.9908688949157,378.6306269978647,0.5328957438468933,0.6512503623962402,1255,5.691609977324263,0.012935477221191507,1255
849,7721,65.62189957028885,65.48889998123447,205.0430638831456,0.37860536575317383,0.642358124256134,1354,6.140589569160998,0.013955885384456813,1354
850,7724,49.8324408647455,49.78237592114876,104.24231254301208,0.5499676465988159,0.6120407581329346,1375,6.235827664399093,0.01417233560090703,1375
851,7725,47.47010754442468,47.476171326936225,89.20692557983762,0.5595706105232239,0.46809107065200806,1408,6.3854875283446715,0.014512471655328799,1408
852,7741,74.89948280046484,74.77233898297006,179.46462269476342,0.4786834418773651,0.5720115303993225,1326,6.01360544217687,0.013667285095856524,1326
853,7765,68.89426382576957,68.9517561669569,88.13463016948421,0.5256457924842834,0.5151233077049255,1322,5.99546485260771,0.013626056483199341,1322
854,7777,85.5609006078683,85.46776132039233,193.0862409755967,0.5410470962524414,0.6169400811195374,1389,6.299319727891157,0.014316635745207173,1389
855,7779,58.155076323378225,58.13684031354771,135.84176497926447,0.6369458436965942,0.5521205067634583,1395,6.326530612244898,0.01437847866419295,1395
856,7790,75.37930002442737,75.3357841916179,138.8371895282501,0.6093038320541382,0.6118298172950745,1312,5.950113378684807,0.01352298495155638,1312
857,7794,69.4286799960075,69.38644197116173,233.12556863818088,0.4271719455718994,0.6018732190132141,1397,6.3356009070294785,0.014399092970521542,1397
858,7801,81.99032415161933,81.85093019869532,252.16852901903184,0.5646420121192932,0.6638332009315491,1340,6.0770975056689345,0.013811585240156668,1340
859,7879,74.93442135339454,74.86988043333236,233.69269066962863,0.3341583013534546,0.6790783405303955,1418,6.430839002267573,0.01461554318697176,1418
860,7880,86.54677023603655,86.4390108463159,213.67711206606225,0.6188871264457703,0.5028786659240723,1371,6.217687074829932,0.014131106988249846,1371
861,7883,52.00901137889854,52.01658917709547,130.83105267901215,0.560270369052887,0.6171491742134094,1401,6.35374149659864,0.014440321583178727,1401
862,7884,62.21679260684427,62.17487810706953,143.83110382250857,0.5317947864532471,0.7341890335083008,1331,6.036281179138322,0.013718820861678005,1331
863,7888,68.30463616330711,68.32404068884496,121.85112231782016,0.5388498902320862,0.6247334480285645,1378,6.249433106575964,0.014203257060399918,1378
864,788,67.69867111460158,67.5780999610316,192.15213924441684,0.4520910084247589,0.5600895881652832,1276,5.786848072562358,0.013151927437641724,1276
865,7891,98.40384827689635,98.23228117851271,304.06787367412295,0.6314553618431091,0.6698949933052063,1317,5.9727891156462585,0.01357452071737786,1317
866,7915,68.417199226667,68.3991965897936,207.73838601907195,0.5976835489273071,0.6819923520088196,1345,6.099773242630386,0.01386312100597815,1345
867,7931,97.4169037078818,97.22697318316298,276.1161927040213,0.5719942450523376,0.503237783908844,1424,6.458049886621315,0.014677386105957535,1424
868,7946,67.79818527009878,67.73862944346955,186.5403105916335,0.5549582242965698,0.6903594136238098,1319,5.981859410430839,0.013595135023706453,1319
869,7975,81.5833713257666,81.49575750462185,215.3560482095783,0.6631422638893127,0.7041740417480469,1351,6.126984126984127,0.013924963924963925,1351
870,7986,55.096974745702056,55.00565162954623,113.33249860875328,0.575835108757019,0.5034949779510498,1458,6.612244897959184,0.015027829313543599,1458
871,7995,68.28755420047767,68.17054594250156,199.37958031397525,0.474976122379303,0.6275528073310852,1412,6.403628117913832,0.014553700267985982,1412
872,8004,63.74697808574681,63.73529218842655,141.04577811484037,0.6902592182159424,0.6650450825691223,1354,6.140589569160998,0.013955885384456813,1354
873,803,55.014406907189645,54.97198787961947,149.40981098384103,0.5358794927597046,0.6863670945167542,1327,6.018140589569161,0.01367759224902082,1327
874,8053,49.58908834241592,49.542923037900806,122.34020078382882,0.5684903264045715,0.5791614055633545,1344,6.095238095238095,0.013852813852813853,1344
875,8085,62.413216915258324,62.422922644766956,25.053015930767152,0.4529311954975128,0.6119669675827026,1268,5.750566893424036,0.013069470212327355,1268
876,8094,51.218787426851456,51.19672956374559,111.89452366459425,0.6264211535453796,0.3748098313808441,1390,6.303854875283447,0.01432694289837147,1390
877,813,51.45403702014603,51.35018575482497,123.17536644385218,0.49411728978157043,0.45331788063049316,1415,6.417233560090703,0.01458462172747887,1415
878,8144,58.012071733361374,58.010449066304396,152.13445394339132,0.6314958930015564,0.6252812743186951,1324,6.00453514739229,0.013646670789527932,1324
879,8175,55.67298128706277,55.59388487483213,87.34719101229254,0.44044119119644165,0.5733146071434021,1435,6.507936507936508,0.01479076479076479,1435
880,8189,68.27030099164932,68.1579053735327,201.7132407777466,0.6185543537139893,0.5874327421188354,1388,6.294784580498866,0.014306328592042878,1388
881,8214,72.92974002860471,72.91564056555757,168.0051993366527,0.5307859182357788,0.6394298672676086,1356,6.149659863945578,0.013976499690785404,1356
882,8230,66.83987001260095,66.84954124211913,75.85524224626947,0.5131799578666687,0.7159023880958557,1290,5.850340136054422,0.013296227581941867,1290
883,8236,75.7728845850634,75.65595594829922,215.37114595363602,0.419236958026886,0.6295447945594788,1357,6.154195011337868,0.013986806843949701,1357
884,8244,49.06314936101006,48.98750251684931,159.4080962531521,0.6314408183097839,0.48404836654663086,1321,5.99092970521542,0.013615749330035044,1321
885,8246,78.82194221553783,78.7347983234933,177.28850677281093,0.6111247539520264,0.7360128164291382,1400,6.349206349206349,0.01443001443001443,1400
886,8266,55.02014568224423,54.9899138566529,125.0156223558214,0.48586219549179077,0.6393592953681946,1321,5.99092970521542,0.013615749330035044,1321
887,8274,66.0279909668127,66.01380913324465,152.9861976695488,0.5762776732444763,0.6498158574104309,1312,5.950113378684807,0.01352298495155638,1312
888,8288,76.55855136355329,76.48234559223138,147.05196058641798,0.43613067269325256,0.6142595410346985,1382,6.267573696145124,0.0142444856730571,1382
889,8298,46.85334752147289,46.74403900688305,146.24816881133864,0.5834352374076843,0.6256826519966125,1450,6.575963718820861,0.014945372088229231,1450
890,8356,65.70908581728928,65.60181664928191,177.17967661225327,0.7248401045799255,0.6287323236465454,1295,5.873015873015873,0.013347763347763348,1295
891,8360,56.98618961458238,56.88027283440997,166.71799003228827,0.5189820528030396,0.6173341274261475,1298,5.886621315192744,0.013378684807256236,1298
892,8372,61.94526688291032,61.87712924612992,95.37039655551501,0.4904649257659912,0.7272189855575562,1332,6.040816326530612,0.013729128014842301,1332
893,8378,50.98217661606165,50.938852565271524,96.7817855734536,0.6197425723075867,0.5316357016563416,1368,6.204081632653061,0.014100185528756958,1368
894,8392,92.324182345445,92.15792613568205,246.60899748404645,0.44941970705986023,0.6666041612625122,1324,6.00453514739229,0.013646670789527932,1324
895,8455,69.18122021327828,69.1268309528857,140.71595966356495,0.4033324718475342,0.5212310552597046,1313,5.954648526077097,0.013533292104720675,1313
896,8467,68.17579532493455,68.07694570906209,180.6195150726445,0.5040900111198425,0.44368377327919006,1395,6.326530612244898,0.01437847866419295,1395
897,8488,48.2097867168325,48.17914601698417,138.93013760244676,0.4352293312549591,0.7115539312362671,1419,6.4353741496598635,0.014625850340136054,1419
898,8502,39.962653344520305,39.89634903698352,66.66828174656611,0.36770927906036377,0.6230743527412415,1424,6.458049886621315,0.014677386105957535,1424
899,8511,53.5981528757318,53.500102062792514,72.42798735924859,0.4293908178806305,0.6915151476860046,1307,5.927437641723356,0.0134714491857349,1307
900,8568,60.586296597893345,60.51270400921258,109.30284622842332,0.5988197326660156,0.6357727646827698,1277,5.791383219954649,0.013162234590806019,1277
901,856,60.59511716043742,60.575675789709265,78.64816004420203,0.6134597659111023,0.6356574296951294,1391,6.308390022675737,0.014337250051535766,1391
902,8587,78.63848098663142,78.4676467905974,241.50597155372958,0.4701347053050995,0.5712541937828064,1344,6.095238095238095,0.013852813852813853,1344
903,864,76.65007036353238,76.60524461568946,216.99291358267968,0.5788022875785828,0.5980075597763062,1317,5.9727891156462585,0.01357452071737786,1317
904,8651,56.13775052502852,56.12210468165516,97.70724249179122,0.5837024450302124,0.6133559346199036,1401,6.35374149659864,0.014440321583178727,1401
905,8676,62.53733170860643,62.5523587392344,161.19547787022032,0.44411054253578186,0.6837488412857056,1400,6.349206349206349,0.01443001443001443,1400
906,867,97.69949478787296,97.49847085799462,308.9716400981446,0.46813908219337463,0.5898714661598206,1335,6.054421768707483,0.013760049474335189,1335
907,8702,67.93443323877445,67.89232444288989,138.9656439338164,0.6696905493736267,0.5965783596038818,1339,6.072562358276644,0.013801278086992374,1339
908,8707,64.70071078655127,64.68409165470379,100.29178586256904,0.6461330056190491,0.5279405117034912,1254,5.687074829931973,0.01292517006802721,1254
909,8770,64.89402416985563,64.85088868482718,101.92004090315967,0.47097456455230713,0.6611568331718445,1270,5.759637188208616,0.013090084518655946,1270
910,8781,81.91899968479092,81.7987215309935,268.2879216997222,0.40970760583877563,0.43607863783836365,1347,6.108843537414966,0.01388373531230674,1347
911,8806,77.20277369433681,77.12189413099071,221.87198149087905,0.5211310386657715,0.6905354857444763,1293,5.863945578231292,0.013327149041434755,1293
912,8817,100.41066510136251,100.26361790994419,303.94686202142657,0.6038596630096436,0.7228022813796997,1285,5.827664399092971,0.013244691816120388,1285
913,8865,82.32220845702548,82.2576456808832,199.58598467599853,0.540203332901001,0.6650254726409912,1392,6.312925170068027,0.014347557204700061,1392
914,8878,76.73841917981645,76.63641867234774,207.71626127414166,0.5438060760498047,0.5979806184768677,1292,5.859410430839002,0.01331684188827046,1292
915,889,79.32795137238223,79.22223897280172,217.35648937750392,0.49457114934921265,0.5554038882255554,1279,5.800453514739229,0.013182848897134612,1279
916,8908,64.49421921861537,64.41250309233477,137.15155431901516,0.4522555470466614,0.4745986759662628,1411,6.399092970521542,0.014543393114821687,1411
917,8949,63.72616567914231,63.647958960464535,131.11770082181735,0.46902143955230713,0.4695904850959778,1456,6.603174603174603,0.015007215007215007,1456
918,8972,67.9776952545143,67.80034828376205,156.78377253206855,0.5380538105964661,0.518211305141449,1285,5.827664399092971,0.013244691816120388,1285
919,8974,68.08987685191643,68.04850762232705,167.66920006038276,0.42128437757492065,0.49956953525543213,1350,6.122448979591836,0.013914656771799629,1350
920,9000,57.406198266606275,57.30595660630828,198.69619095583636,0.488120973110199,0.5965303182601929,1377,6.244897959183674,0.014192949907235622,1377
921,9010,74.05754229147306,73.92348933021371,156.12598383002899,0.4960649907588959,0.6022129654884338,1299,5.891156462585034,0.013388991960420532,1299
922,9026,55.39411909148596,55.34217697907482,116.22142112974072,0.5336962342262268,0.6118621230125427,1314,5.959183673469388,0.013543599257884972,1314
923,9046,63.23514703687151,63.15722378295391,164.90483843142337,0.6778470873832703,0.6897106766700745,1334,6.049886621315193,0.013749742321170893,1334
924,9115,54.39747436065835,54.356395334291804,145.87526474166702,0.6499722599983215,0.6259452700614929,1393,6.317460317460317,0.014357864357864358,1393
925,9133,66.32062137339061,66.26854832868415,169.825993143406,0.22761835157871246,0.6913391351699829,1380,6.258503401360544,0.01422387136672851,1380
926,9145,92.46513640694734,92.31819454898151,265.10287077841207,0.37482374906539917,0.6094393134117126,1355,6.145124716553288,0.01396619253762111,1355
927,914,55.60451637320708,55.55080643006483,94.22840498294033,0.35384973883628845,0.4728706479072571,1423,6.453514739229025,0.014667078952793238,1423
928,9162,73.39972914079868,73.34890329061592,150.0856125464656,0.6624897718429565,0.5493109226226807,1328,6.022675736961451,0.013687899402185117,1328
929,9165,47.94307030281291,47.94721484664435,72.79437318780843,0.5665892958641052,0.6113851070404053,1357,6.154195011337868,0.013986806843949701,1357
930,9177,69.64780779624822,69.54323290288103,248.3561852948419,0.48435455560684204,0.6316280961036682,1383,6.272108843537415,0.014254792826221397,1383
931,9185,85.33148540158696,85.27918380853006,204.6582062287982,0.652442991733551,0.6875147819519043,1276,5.786848072562358,0.013151927437641724,1276
932,9204,120.94301672100025,120.69948972114067,370.23371890152515,0.6160730719566345,0.6410329341888428,1270,5.759637188208616,0.013090084518655946,1270
933,9209,82.77203359392131,82.63629058606304,220.71123582973243,0.5493547320365906,0.5763046741485596,1328,6.022675736961451,0.013687899402185117,1328
934,9227,76.0712013730233,75.97633418281356,156.12332195542515,0.5740841031074524,0.5690318942070007,1333,6.045351473922903,0.013739435168006596,1333
935,9240,84.11718792390432,84.08923496181633,176.43986183729405,0.6396351456642151,0.705333411693573,1339,6.072562358276644,0.013801278086992374,1339
936,9264,72.71404410549988,72.65134305455824,213.5413418123637,0.5892988443374634,0.6975278258323669,1367,6.199546485260771,0.014089878375592661,1367
937,9270,82.25892049651966,82.18628403858611,197.5334568023938,0.7190525531768799,0.6267669200897217,1385,6.2811791383219955,0.01427540713254999,1385
938,9274,76.29124621153197,76.28918083969158,116.3893289044931,0.5713390707969666,0.6075055599212646,1286,5.832199546485261,0.013254998969284684,1286
939,9281,56.894454921912434,56.85408403191869,70.96259372068579,0.5635837912559509,0.61951744556427,1298,5.886621315192744,0.013378684807256236,1298
940,9305,61.03124474394866,61.043367066297485,85.92166781403999,0.5795334577560425,0.4730028212070465,1265,5.736961451247166,0.013038548752834467,1265
941,9312,75.6261540123661,75.57412557622624,184.90205184754308,0.4726909101009369,0.5447492003440857,1285,5.827664399092971,0.013244691816120388,1285
942,9358,55.982777547565306,55.98638231307457,139.6830562607615,0.5640143156051636,0.5106651782989502,1337,6.063492063492063,0.01378066378066378,1337
943,9365,57.90745790685913,57.95951447640897,89.00233778766778,0.5636057257652283,0.688209056854248,1305,5.918367346938775,0.013450834879406308,1305
944,9377,61.396720751739295,61.37393372905646,106.4804984431139,0.5719714164733887,0.556007444858551,1313,5.954648526077097,0.013533292104720675,1313
945,9388,63.3051063960004,63.27928294503427,155.02291663287536,0.42128071188926697,0.6950252056121826,1357,6.154195011337868,0.013986806843949701,1357
946,9411,60.04497851602318,59.9967469588926,79.985794020792,0.4867236614227295,0.47866302728652954,1391,6.308390022675737,0.014337250051535766,1391
947,9430,46.74197098515219,46.69052283570308,135.30833756065027,0.5979678630828857,0.5594966411590576,1347,6.108843537414966,0.01388373531230674,1347
948,9447,41.31146434357846,41.31618978214283,86.51584375089513,0.50730299949646,0.5115466117858887,1423,6.453514739229025,0.014667078952793238,1423
949,947,49.38459860015975,49.348380646572664,99.12949633339393,0.5037978291511536,0.5834813117980957,1321,5.99092970521542,0.013615749330035044,1321
950,9482,54.36374367493745,54.363310846459704,32.639689371767865,0.3330695331096649,0.6209876537322998,1385,6.2811791383219955,0.01427540713254999,1385
951,9484,58.06693423536629,58.04127493733957,75.25618824862046,0.49841731786727905,0.6957091093063354,1404,6.36734693877551,0.014471243042671614,1404
952,948,51.39162032025016,51.39096975186128,121.59881205404622,0.4836166799068451,0.6278226971626282,1390,6.303854875283447,0.01432694289837147,1390
953,9491,67.16672140025796,67.03241404917065,193.37169835979356,0.5302545428276062,0.5488930940628052,1338,6.068027210884353,0.013790970933828077,1338
954,9492,75.13974140416693,75.02899778479016,179.00770610181655,0.5813693404197693,0.6833875775337219,1278,5.795918367346939,0.013172541743970315,1278
955,9508,78.10616489475916,78.01494329050104,143.10837872807298,0.6971587538719177,0.6625388860702515,1249,5.6643990929705215,0.012873634302205731,1249
956,9509,90.52248043663552,90.31676422519025,269.27532387030044,0.6435220837593079,0.5700446963310242,1334,6.049886621315193,0.013749742321170893,1334
957,950,59.50871971952458,59.49700040380146,132.32580772675217,0.5836935043334961,0.7204505801200867,1373,6.226757369614512,0.014151721294578437,1373
958,9520,86.0420482373972,85.96053115227663,268.67803120934474,0.5604474544525146,0.6220934987068176,1368,6.204081632653061,0.014100185528756958,1368
959,9522,76.54466119163061,76.5296950147304,170.0569012416843,0.48004084825515747,0.5335667729377747,1341,6.081632653061225,0.013821892393320965,1341
960,9523,48.04127713778981,47.98019290613389,131.3623308307018,0.564510703086853,0.5669310688972473,1448,6.566893424036281,0.014924757781900638,1448
961,9528,85.1572604809108,85.10757021444708,195.10783718461627,0.4970298111438751,0.5582529902458191,1345,6.099773242630386,0.01386312100597815,1345
962,9564,64.83702185801256,64.84221816336436,188.9037350727055,0.5538622736930847,0.6359396576881409,1333,6.045351473922903,0.013739435168006596,1333
963,9571,69.46931305612871,69.39286296682054,201.57688714358716,0.39944836497306824,0.712894082069397,1349,6.117913832199546,0.013904349618635332,1349
964,9582,57.89573484413136,57.8609819192157,141.2324988506548,0.5059251189231873,0.661041259765625,1326,6.01360544217687,0.013667285095856524,1326
965,9596,110.72385781637679,110.59832949544578,333.65987519945077,0.5077662467956543,0.7189087271690369,1285,5.827664399092971,0.013244691816120388,1285
966,962,77.3941293798235,77.3727275949085,140.44923835903597,0.48883384466171265,0.5267964601516724,1340,6.0770975056689345,0.013811585240156668,1340
967,9636,59.30707016429488,59.285748214932944,139.2251205026111,0.5863443613052368,0.5293152928352356,1330,6.031746031746032,0.013708513708513708,1330
968,964,58.231974613682524,58.12634520536964,171.66196699293542,0.526286244392395,0.558479905128479,1382,6.267573696145124,0.0142444856730571,1382
969,9651,78.62550142126419,78.59133438628056,207.04614193988388,0.6863405108451843,0.6160186529159546,1291,5.854875283446712,0.013306534735106164,1291
970,9662,59.60781246992689,59.57102552299564,95.31710741322462,0.6975178718566895,0.6089246273040771,1252,5.678004535147393,0.012904555761698619,1252
971,9675,80.71857634913141,80.71182632847808,153.9321205249746,0.6009931564331055,0.6069345474243164,1403,6.36281179138322,0.014460935889507318,1403
972,9695,84.17148118688169,84.04160457663356,240.48388572323407,0.5056014657020569,0.7553436160087585,1352,6.1315192743764175,0.013935271078128222,1352
973,9703,79.21578809232085,79.13775245552934,215.66839924522552,0.6571044921875,0.5906887650489807,1397,6.3356009070294785,0.014399092970521542,1397
974,9704,49.28267693820724,49.28211581524233,87.93754237201414,0.5024774074554443,0.5411317348480225,1293,5.863945578231292,0.013327149041434755,1293
975,9705,52.493834549910574,52.42641848537951,104.34325635424169,0.5855816006660461,0.6720471382141113,1321,5.99092970521542,0.013615749330035044,1321
976,9715,69.9626263202877,69.83277623587134,228.51262277429308,0.5276040434837341,0.7220267653465271,1392,6.312925170068027,0.014347557204700061,1392
977,9719,52.3681870664525,52.37346580056134,124.07022017048072,0.49269354343414307,0.6427925825119019,1374,6.2312925170068025,0.014162028447742734,1374
978,9737,79.121312534759,79.14572980820626,184.672298209053,0.6640080213546753,0.722500741481781,1304,5.913832199546485,0.013440527726242012,1304
979,9741,71.08141179315784,71.05266517778091,199.67635169353113,0.6792809367179871,0.631730318069458,1286,5.832199546485261,0.013254998969284684,1286
980,9749,71.9922431595588,71.86857363882764,187.6594684220386,0.7193557620048523,0.7381316423416138,1284,5.8231292517006805,0.013234384662956091,1284
981,9771,80.65836280518141,80.58600132409875,195.9870656838643,0.6199843287467957,0.7072510719299316,1384,6.276643990929705,0.014265099979385694,1384
982,9793,72.82290057242776,72.77758591528314,182.37785645768753,0.5329028964042664,0.5565407276153564,1413,6.408163265306122,0.014564007421150278,1413
983,9804,95.91207115482129,95.86240967867376,210.37941995093817,0.5256001949310303,0.6199207901954651,1330,6.031746031746032,0.013708513708513708,1330
984,9827,96.84308379212591,96.67575977839941,281.2803357052298,0.595432698726654,0.6763104796409607,1271,5.764172335600907,0.013100391671820243,1271
985,9842,80.95273630665373,80.83631785807788,181.9019280435825,0.5519570708274841,0.7198312878608704,1371,6.217687074829932,0.014131106988249846,1371
986,9843,83.19922723433912,83.08242064583241,243.83002410223216,0.44686317443847656,0.6349384188652039,1382,6.267573696145124,0.0142444856730571,1382
987,9847,49.46925543400192,49.448261363416265,25.35411651817082,0.5055714845657349,0.6111639738082886,1338,6.068027210884353,0.013790970933828077,1338
988,9875,53.64357133457109,53.69488804992229,83.50097138735761,0.6056030988693237,0.6854497194290161,1399,6.344671201814059,0.014419707276850133,1399
989,9880,72.53394618582978,72.46262402673835,159.2363674369042,0.6977896094322205,0.5044346451759338,1380,6.258503401360544,0.01422387136672851,1380
990,9894,82.79518868321354,82.6858818802498,156.92807283156213,0.5544860363006592,0.702502965927124,1267,5.746031746031746,0.013059163059163059,1267
991,9925,50.474301078215426,50.42947770796436,130.01814434686537,0.6876206994056702,0.7191940546035767,1413,6.408163265306122,0.014564007421150278,1413
992,9928,70.09720162946137,70.04760794394745,120.19770851955967,0.3447108268737793,0.5321165919303894,1348,6.113378684807256,0.013894042465471037,1348
993,9938,84.54691515332303,84.53261978556164,115.64672232523118,0.7328526377677917,0.5130558609962463,1325,6.00907029478458,0.013656977942692229,1325
994,9940,48.730556620618444,48.75269900520543,38.40629989388175,0.5243384838104248,0.5942299962043762,1454,6.594104308390023,0.014986600700886416,1454
995,9942,60.242656561578144,60.22328588764918,108.0161622385643,0.5276831388473511,0.6283448934555054,1400,6.349206349206349,0.01443001443001443,1400
996,9951,66.80444826684075,66.71700677477924,185.08720165208507,0.6588366031646729,0.5868091583251953,1322,5.99546485260771,0.013626056483199341,1322
997,9988,50.60685994572485,50.56588028504933,138.04993603681154,0.5223625898361206,0.5478976368904114,1379,6.253968253968254,0.014213564213564213,1379
998,998,54.07319482024731,54.030285857512304,129.2404874645466,0.47448810935020447,0.6443966627120972,1343,6.090702947845805,0.013842506699649556,1343
999,9,48.72926336417859,48.68284952347662,104.46496652024499,0.43443983793258667,0.6163859367370605,1329,6.0272108843537415,0.013698206555349413,1329
