model,conformer_id,rg_mass_weighted,rg_equal_weight,end_to_end,apr1_mean_rsa,apr2_mean_rsa,n_edges,mean_degree,graph_density,n_contacts
0,,21.638533020494986,21.669759990888124,48.45442962095493,0.3912385404109955,0.7813283801078796,382,5.876923076923077,0.04555754323196184,382
1,,21.712188950538735,21.670209330161104,59.814021279102036,0.4513433873653412,0.7523192167282104,367,5.6461538461538465,0.04376863446630889,367
2,,20.465481418429935,20.420264840443895,16.74165212881755,0.4535466134548187,0.50221186876297,388,5.969230769230769,0.04627310673822302,388
3,,19.722953273255488,19.687335011235948,11.824810712487949,0.2846749424934387,0.5097504258155823,408,6.276923076923077,0.04865831842576029,408
4,,36.28776179959958,36.30727306532501,54.31498004602465,0.4501776695251465,0.671382486820221,324,4.984615384615385,0.03864042933810376,324
5,,23.115960781248667,23.139833689635058,26.84847400335148,0.6193341612815857,0.5000308156013489,378,5.815384615384615,0.04508050089445438,378
6,,26.553491466626117,26.550322303991205,60.598503545734346,0.5811639428138733,0.5564759969711304,334,5.138461538461539,0.03983303518187239,334
7,,26.9739840785596,26.89760992586923,58.68095447241005,0.7220869660377502,0.5229671597480774,323,4.969230769230769,0.038521168753726895,323
8,,32.382476649594324,32.408448597204234,75.46002297257117,0.5893407464027405,0.5991441607475281,342,5.2615384615384615,0.0407871198568873,342
9,,22.847028839950124,22.81239645348958,58.38718578925912,0.42160287499427795,0.33882415294647217,402,6.184615384615385,0.047942754919499106,402
10,,33.36275908058499,33.36265662868096,74.09430958181366,0.7690078616142273,0.6896771192550659,278,4.276923076923077,0.03315444245676804,278
11,,25.770756723391266,25.76652459367876,60.12280654729074,0.3957986831665039,0.4721372127532959,358,5.507692307692308,0.04269528920691711,358
12,,21.60898274632047,21.577949318465443,43.96173308584054,0.40749573707580566,0.5989265441894531,372,5.723076923076923,0.0443649373881932,372
13,,25.943878586928825,25.87820723679302,56.1059727254548,0.5035458207130432,0.5798575282096863,358,5.507692307692308,0.04269528920691711,358
14,,28.108358823009386,28.09683596450058,28.140746339316223,0.7454548478126526,0.6435507535934448,327,5.030769230769231,0.038998211091234344,327
15,,30.14852915960769,30.15269377006472,56.946675545583425,0.6871363520622253,0.6533149480819702,335,5.153846153846154,0.03995229576624926,335
16,,24.36883686257291,24.357017077382896,54.37877470643134,0.708172619342804,0.4469035863876343,344,5.292307692307692,0.041025641025641026,344
17,,24.272394595987382,24.204591701123192,29.678479407229005,0.6314716935157776,0.5404486656188965,337,5.184615384615385,0.04019081693500298,337
18,,27.9414248385623,27.95962956822912,43.11256620662364,0.726895272731781,0.40526318550109863,344,5.292307692307692,0.041025641025641026,344
19,,20.418547173647028,20.420191853038276,8.323035556913016,0.42437902092933655,0.7128724455833435,373,5.7384615384615385,0.04448419797257006,373
20,,25.831693710152855,25.836462252029627,28.7261251828938,0.6401341557502747,0.6872724890708923,322,4.953846153846154,0.03840190816935003,322
21,,17.808274551538734,17.78865087241263,22.971483611900105,0.6512194871902466,0.5070580840110779,379,5.8307692307692305,0.045199761478831244,379
22,,25.038323907399693,25.054877681252286,27.23854533567954,0.5501188635826111,0.4928424060344696,398,6.123076923076923,0.04746571258199165,398
23,,24.45776276964802,24.381598128850168,47.185778209512605,0.41704419255256653,0.6547908186912537,347,5.338461538461538,0.04138342277877161,347
24,,21.720630451603164,21.699467882534268,33.456159774755335,0.635422945022583,0.542598307132721,378,5.815384615384615,0.04508050089445438,378
25,,20.85525115594615,20.855085820580005,27.122387357851974,0.7271811962127686,0.599936306476593,384,5.907692307692308,0.04579606440071556,384
26,,25.545530234392057,25.55745704955084,25.781147597473755,0.574756920337677,0.5765721797943115,383,5.892307692307693,0.0456768038163387,383
27,,29.285973570031196,29.308932296862803,77.68615138683818,0.6590220332145691,0.5346411466598511,348,5.3538461538461535,0.04150268336314848,348
28,,36.14482400680106,36.08139300526652,98.35298164249174,0.7216055393218994,0.6987695693969727,342,5.2615384615384615,0.0407871198568873,342
29,,26.502993081192542,26.505009100656107,32.1923621725094,0.6553744673728943,0.6208570003509521,356,5.476923076923077,0.04245676803816339,356
30,,29.211346908395257,29.213666113829657,61.402529417168914,0.6530033946037292,0.565249502658844,379,5.8307692307692305,0.045199761478831244,379
31,,18.485906599779963,18.532611490925564,42.8940802525042,0.6773715615272522,0.3675349950790405,426,6.553846153846154,0.05080500894454383,426
32,,18.736580497203477,18.72132487470494,34.078318733102336,0.7226607203483582,0.4940052926540375,399,6.138461538461539,0.04758497316636851,399
33,,23.313894658506875,23.280606247231006,25.26046147366555,0.7219882607460022,0.680199384689331,385,5.923076923076923,0.045915324985092425,385
34,,28.49815328119638,28.45245889499411,75.02506481493437,0.5970507264137268,0.6824126839637756,335,5.153846153846154,0.03995229576624926,335
35,,30.219263068861586,30.19565337804057,64.45445201740922,0.7301663160324097,0.7031316161155701,343,5.276923076923077,0.04090638044126416,343
36,,38.633628545129184,38.63597591971224,67.61379010416489,0.7034324407577515,0.6869183778762817,339,5.2153846153846155,0.04042933810375671,339
37,,28.641843447994095,28.68565096543786,53.09284212753993,0.559466540813446,0.6741778254508972,331,5.092307692307692,0.0394752534287418,331
38,,35.553805259729,35.52076461062225,98.04132189662913,0.7204598188400269,0.5133219957351685,345,5.3076923076923075,0.04114490161001789,345
39,,22.4880992837355,22.45065660377799,41.9113800558011,0.7308717370033264,0.284640371799469,382,5.876923076923077,0.04555754323196184,382
40,,29.23831162832612,29.214094832040253,58.99854607687559,0.4820127785205841,0.5441744923591614,354,5.446153846153846,0.04221824686940966,354
41,,22.648258100917566,22.706555364260588,40.23467876534342,0.6282294988632202,0.600078284740448,349,5.369230769230769,0.041621943947525344,349
42,,44.121956058173375,44.12015772854096,84.30325244525343,0.7629780769348145,0.7656924724578857,317,4.876923076923077,0.037805605247465714,317
43,,19.717663357330263,19.73360979804134,44.1596215644654,0.5191217064857483,0.7502694725990295,398,6.123076923076923,0.04746571258199165,398
44,,28.524287167030984,28.444341023244817,74.06091456384497,0.7082894444465637,0.6336114406585693,328,5.046153846153846,0.039117471675611214,328
45,,19.375297247439587,19.35511729420122,29.041324310166686,0.6555195450782776,0.41595548391342163,371,5.707692307692308,0.04424567680381634,371
46,,31.198491999696696,31.186025567738888,30.7674500647911,0.6897380948066711,0.7122957110404968,290,4.461538461538462,0.0345855694692904,290
47,,32.83224733517161,32.79604055301462,105.27665178700326,0.5755506157875061,0.7237342596054077,317,4.876923076923077,0.037805605247465714,317
48,,27.24228255882039,27.191887407874685,74.69261643368789,0.7425979375839233,0.745750904083252,321,4.938461538461539,0.03828264758497316,321
49,,22.68370099129529,22.6947044884774,31.410321206295734,0.6620920300483704,0.6292018294334412,356,5.476923076923077,0.04245676803816339,356
50,,25.747228115586452,25.710903626397084,58.911473402449204,0.5629802942276001,0.5867119431495667,343,5.276923076923077,0.04090638044126416,343
51,,23.86031270983759,23.871157696949513,65.03570445602278,0.6491580605506897,0.6626873016357422,348,5.3538461538461535,0.04150268336314848,348
52,,52.846065068341154,52.81312569708976,133.77343964487892,0.6678183674812317,0.751384973526001,307,4.723076923076923,0.036612999403697076,307
53,,45.82840138602846,45.85670740044812,81.26781208949798,0.7661577463150024,0.7718896269798279,304,4.676923076923077,0.03625521765056649,304
54,,18.994782384778464,18.989042873969805,29.25154564605063,0.5277184844017029,0.5197790861129761,395,6.076923076923077,0.04710793082886106,395
55,,23.568004386388463,23.573296578669407,62.77688704926926,0.7065390944480896,0.34107622504234314,364,5.6,0.043410852713178294,364
56,,25.44427786383301,25.4523816990945,70.13554186605582,0.6689133644104004,0.47043514251708984,368,5.661538461538462,0.04388789505068575,368
57,,34.29637539312807,34.27063435592932,99.20788026033424,0.4313783645629883,0.41573312878608704,355,5.461538461538462,0.042337507453786526,355
58,,23.381343108198088,23.3262523409429,45.289229738861316,0.6584422588348389,0.6169444918632507,337,5.184615384615385,0.04019081693500298,337
59,,24.038743628893076,24.023302149844604,39.18565050162795,0.5976336002349854,0.6323192715644836,337,5.184615384615385,0.04019081693500298,337
60,,46.76852628203822,46.7245284249767,126.42580124108196,0.6508663296699524,0.7592962384223938,314,4.8307692307692305,0.03744782349433512,314
61,,23.63939400932403,23.62960162366475,30.720844982170473,0.640862762928009,0.7116361856460571,354,5.446153846153846,0.04221824686940966,354
62,,20.00330715451698,19.96557722836361,47.47138676666794,0.6736077666282654,0.6544744372367859,386,5.938461538461539,0.04603458556946929,386
63,,26.643087457687333,26.59587451045656,68.76254996157199,0.7217869162559509,0.5631687045097351,344,5.292307692307692,0.041025641025641026,344
64,,28.11284954039583,28.097177262029895,88.17724955052181,0.6588689684867859,0.6204387545585632,349,5.369230769230769,0.041621943947525344,349
65,,33.90466839276667,33.815445732842946,86.62123507818455,0.6798327565193176,0.5443758368492126,330,5.076923076923077,0.03935599284436494,330
66,,26.289396220585573,26.303092284680805,35.44944610344449,0.6608172059059143,0.658200740814209,382,5.876923076923077,0.04555754323196184,382
67,,22.128531339162855,22.109105283312765,21.752534101990364,0.5754961967468262,0.5267982482910156,335,5.153846153846154,0.03995229576624926,335
68,,29.35806022999326,29.31990729864093,72.49954797117275,0.6957606077194214,0.6606261730194092,303,4.661538461538462,0.036135957066189626,303
69,,24.285271253836488,24.250280220475826,36.512931534464734,0.663322925567627,0.7283605933189392,344,5.292307692307692,0.041025641025641026,344
70,,31.0658738413497,31.062627419160087,62.7187210860802,0.6260107755661011,0.541796088218689,332,5.107692307692307,0.03959451401311866,332
71,,24.647594384985883,24.68790851513509,54.571180214872456,0.5734944343566895,0.5897760987281799,385,5.923076923076923,0.045915324985092425,385
72,,24.26236988757329,24.209504654993772,44.652609369848484,0.4120025038719177,0.570253849029541,386,5.938461538461539,0.04603458556946929,386
73,,27.45405728365355,27.430894101232823,77.42012892978748,0.6474770307540894,0.731357991695404,383,5.892307692307693,0.0456768038163387,383
74,,21.52659060199272,21.541525752489196,29.75961689345465,0.6514066457748413,0.4386681318283081,362,5.569230769230769,0.04317233154442457,362
75,,29.771532817887085,29.739156999702224,69.99835898623564,0.5909754633903503,0.5114821195602417,307,4.723076923076923,0.036612999403697076,307
76,,20.863794121968038,20.851922049652934,29.963927331018933,0.6363403797149658,0.36441588401794434,351,5.4,0.04186046511627907,351
77,,24.070820181785834,24.038112543480423,40.50996203425147,0.5736457109451294,0.5464425086975098,328,5.046153846153846,0.039117471675611214,328
78,,31.747131945207936,31.738431791697362,54.57983348642504,0.7689598202705383,0.5038449764251709,321,4.938461538461539,0.03828264758497316,321
79,,19.417685325898155,19.417946782067908,27.812866416063553,0.5589789748191833,0.6015486121177673,398,6.123076923076923,0.04746571258199165,398
80,,24.51300066810409,24.441549730809268,57.3925639276702,0.5826476216316223,0.584648609161377,370,5.6923076923076925,0.044126416219439475,370
81,,19.727084965068904,19.749867054808817,45.02628183913788,0.4880249500274658,0.5548352599143982,430,6.615384615384615,0.05128205128205128,430
82,,21.37575027871295,21.327842152918993,46.244090662567764,0.70366370677948,0.4876065254211426,346,5.323076923076923,0.04126416219439475,346
83,,31.175039647625308,31.13384120490929,33.50002978604352,0.7816410064697266,0.6689913272857666,318,4.892307692307693,0.037924865831842576,318
84,,19.648426057160023,19.67507441059171,32.939551246502226,0.5327709913253784,0.6899396181106567,371,5.707692307692308,0.04424567680381634,371
85,,37.25906824074578,37.2251097914288,83.76648718496531,0.7666618227958679,0.7440125942230225,285,4.384615384615385,0.03398926654740608,285
86,,25.863218411537336,25.859073028107588,40.40267569843553,0.7868586778640747,0.7042245864868164,300,4.615384615384615,0.03577817531305903,300
87,,28.550646882011222,28.542190593568893,56.12068212436296,0.5080010890960693,0.6955670714378357,351,5.4,0.04186046511627907,351
88,,22.185808498055017,22.17724552399518,25.90333281068399,0.6474971771240234,0.500903844833374,373,5.7384615384615385,0.04448419797257006,373
89,,22.55573950241168,22.5747092267838,58.30005092515781,0.37723425030708313,0.6939433813095093,406,6.246153846153846,0.04841979725700656,406
90,,18.083622185572448,18.075512064969374,37.44121003021729,0.5439018607139587,0.37210115790367126,424,6.523076923076923,0.0505664877757901,424
91,,22.27695063770572,22.279115604990206,56.95475565369255,0.6288059949874878,0.7269304394721985,364,5.6,0.043410852713178294,364
92,,30.9296865951685,30.930499506133636,18.941457336076777,0.7806403636932373,0.6702644228935242,304,4.676923076923077,0.03625521765056649,304
93,,31.813825193822662,31.829290838168713,94.03492113746805,0.6762633323669434,0.5506992340087891,317,4.876923076923077,0.037805605247465714,317
94,,25.998113811495696,26.001106931317178,60.63839643798801,0.6557267904281616,0.5128934383392334,319,4.907692307692308,0.03804412641621944,319
95,,30.343762336522683,30.259447531971777,71.47936444660199,0.7433988451957703,0.44766706228256226,335,5.153846153846154,0.03995229576624926,335
96,,23.732362982193727,23.706612353763497,49.379811299417426,0.55710768699646,0.5105558037757874,338,5.2,0.040310077519379844,338
97,,23.29068355094543,23.272002363754037,42.021304947729185,0.5294210910797119,0.47384127974510193,321,4.938461538461539,0.03828264758497316,321
98,,24.79855059265747,24.7828318867518,35.873748877954135,0.4137653112411499,0.5154858827590942,359,5.523076923076923,0.042814549791293975,359
99,,37.35914519898899,37.23734748048645,140.34575437120944,0.6544521450996399,0.5884155035018921,360,5.538461538461538,0.04293381037567084,360
100,,27.932501592336493,27.960165003199545,36.85531075813961,0.5180699229240417,0.5696900486946106,374,5.753846153846154,0.04460345855694693,374
101,,21.05107904443965,21.076111772054475,22.956808750099388,0.6300992369651794,0.6291676163673401,363,5.584615384615384,0.04329159212880143,363
102,,37.43053712092252,37.43136302365132,58.526465864157224,0.6784116625785828,0.7372276782989502,362,5.569230769230769,0.04317233154442457,362
103,,29.027564070884928,29.023364240414303,59.797338882335524,0.45315635204315186,0.7011644244194031,302,4.6461538461538465,0.036016696481812764,302
104,,30.340678146250944,30.2525166814091,63.722300388113034,0.5932940244674683,0.5667641758918762,361,5.553846153846154,0.04305307096004771,361
105,,30.52500249240142,30.48620834147014,62.92200936326508,0.7277859449386597,0.3742451071739197,356,5.476923076923077,0.04245676803816339,356
106,,16.91302309925608,16.920658522878803,37.99299378090637,0.529572606086731,0.5863426327705383,408,6.276923076923077,0.04865831842576029,408
107,,22.688805266153672,22.68893564200905,39.02578932405382,0.47704312205314636,0.5451511740684509,364,5.6,0.043410852713178294,364
108,,21.960599181913725,21.983349952684787,31.154865427178947,0.5170425176620483,0.6562855243682861,381,5.861538461538461,0.045438282647584975,381
109,,19.342202142277625,19.38965675595387,28.273979638318778,0.6296001076698303,0.6635326743125916,400,6.153846153846154,0.04770423375074538,400
110,,21.23255798338256,21.202012397055476,34.12109523915925,0.48118847608566284,0.5222748517990112,365,5.615384615384615,0.043530113297555156,365
111,,22.782870118977666,22.73461090752915,35.11982727298124,0.7066450119018555,0.36446961760520935,341,5.246153846153846,0.04066785927251044,341
112,,23.299154092710555,23.351565938265402,30.768783005764032,0.3925015926361084,0.650583028793335,389,5.984615384615385,0.04639236732259988,389
113,,31.129076837172626,31.041740639842086,104.3536612502989,0.7186699509620667,0.572733998298645,380,5.846153846153846,0.04531902206320811,380
114,,31.270200815520013,31.27677924712341,66.86416641189547,0.5786411166191101,0.6205774545669556,335,5.153846153846154,0.03995229576624926,335
115,,31.570086652364033,31.49441363471286,88.08080813284799,0.47695571184158325,0.5346210598945618,338,5.2,0.040310077519379844,338
116,,35.628179834711744,35.56727629985772,99.91198733954502,0.8120923042297363,0.6788866519927979,338,5.2,0.040310077519379844,338
117,,35.923205102796175,35.98106131507612,51.888921654087646,0.558624267578125,0.5523160099983215,340,5.230769230769231,0.04054859868813357,340
118,,29.200290369493267,29.18945464998679,50.14110054842594,0.7214151620864868,0.7358670234680176,332,5.107692307692307,0.03959451401311866,332
119,,18.01186316114286,18.005304698091297,43.934061566532385,0.533951461315155,0.21716465055942535,400,6.153846153846154,0.04770423375074538,400
120,,36.64030175641293,36.616151254461215,80.83212078282621,0.7019121646881104,0.6654961705207825,340,5.230769230769231,0.04054859868813357,340
121,,34.15511401465384,34.10444384050098,70.81365017356104,0.7727116346359253,0.6057277321815491,326,5.015384615384615,0.03887895050685748,326
122,,23.667941605576647,23.671283305694875,26.36544517051038,0.7512030005455017,0.6332881450653076,332,5.107692307692307,0.03959451401311866,332
123,,31.690822138233045,31.677643368486795,87.87171330604818,0.6582247018814087,0.5687674283981323,353,5.430769230769231,0.042098986285032794,353
124,,20.823430853524997,20.735582351520137,32.27684668962712,0.4331645667552948,0.3960331678390503,390,6.0,0.046511627906976744,390
125,,44.34930518903568,44.22233059791935,117.06639906366564,0.7892066240310669,0.6935734748840332,343,5.276923076923077,0.04090638044126416,343
126,,28.603124726915514,28.50006981663861,60.93018933712662,0.6804327964782715,0.6584102511405945,314,4.8307692307692305,0.03744782349433512,314
127,,35.982614424902025,35.883370660562335,104.21251522278318,0.6906752586364746,0.7040175199508667,328,5.046153846153846,0.039117471675611214,328
128,,23.455613833368865,23.41740300315856,35.44799709098354,0.4603569805622101,0.6737390160560608,329,5.061538461538461,0.039236732259988076,329
129,,25.069997895558657,25.08888710430956,24.971353585960067,0.5571192502975464,0.6358139514923096,340,5.230769230769231,0.04054859868813357,340
130,,37.50090392245154,37.46758102691204,126.0471274864064,0.45031866431236267,0.5465680360794067,354,5.446153846153846,0.04221824686940966,354
131,,24.09352318747047,24.07906023109006,34.70746298645725,0.6943402290344238,0.6558553576469421,356,5.476923076923077,0.04245676803816339,355
132,,19.180804441895965,19.173416395695533,18.461640895223674,0.5948095917701721,0.5562779903411865,366,5.630769230769231,0.04364937388193202,366
133,,30.870350503702568,30.88252754651528,58.02129888941891,0.6876843571662903,0.6642235517501831,293,4.507692307692308,0.03494335122242099,293
134,,21.61796207586521,21.560940346604813,71.47717108126848,0.27960094809532166,0.3837764263153076,397,6.107692307692307,0.04734645199761479,397
135,,24.607223985407547,24.61165957682939,39.07856547940554,0.6809243559837341,0.579717755317688,338,5.2,0.040310077519379844,338
136,,24.309607497488763,24.30258210479816,64.01441331815212,0.3961709439754486,0.6229647397994995,351,5.4,0.04186046511627907,351
137,,22.736310879494898,22.728776166642092,19.101460789178784,0.7469190955162048,0.489290714263916,378,5.815384615384615,0.04508050089445438,378
138,,36.92698706312172,36.9437577817342,78.88854028098004,0.4040158987045288,0.6317957639694214,337,5.184615384615385,0.04019081693500298,337
139,,30.096427796515368,30.06621595782258,20.603252290140972,0.6844642758369446,0.6960229873657227,337,5.184615384615385,0.04019081693500298,337
140,,38.957879289352384,38.93870848190732,104.92232967691898,0.7558003067970276,0.6385971903800964,312,4.8,0.037209302325581395,312
141,,36.33477741175446,36.30980499939438,79.66985265729136,0.6839901804924011,0.7950746417045593,317,4.876923076923077,0.037805605247465714,317
142,,18.358498190523942,18.371489796254874,30.17207625897599,0.3705102801322937,0.6493037939071655,395,6.076923076923077,0.04710793082886106,395
143,,18.35124413654998,18.33060482337564,21.88466489826366,0.2949012517929077,0.4470040500164032,378,5.815384615384615,0.04508050089445438,378
144,,44.697066208989,44.63038430565473,152.1076017506055,0.7763500213623047,0.7457917928695679,283,4.3538461538461535,0.03375074537865236,282
145,,26.840030260771968,26.856553400081744,31.557672494949493,0.7251526117324829,0.7060592770576477,351,5.4,0.04186046511627907,351
146,,25.434426459220763,25.403586625223593,30.907970823601204,0.7469903230667114,0.7596443891525269,335,5.153846153846154,0.03995229576624926,335
147,,27.855677705975776,27.78866633455732,63.89143783370781,0.5281755328178406,0.596235454082489,335,5.153846153846154,0.03995229576624926,335
148,,33.44891139084732,33.51293429037701,64.00937005306695,0.784075140953064,0.6039572954177856,327,5.030769230769231,0.038998211091234344,327
149,,26.459460942013166,26.434349818971246,45.842247466274394,0.5868802070617676,0.7202610969543457,346,5.323076923076923,0.04126416219439475,346
150,,27.236605926481428,27.269730690099383,40.92494792310337,0.5512242317199707,0.7588483095169067,335,5.153846153846154,0.03995229576624926,335
151,,38.37909554663478,38.37482909622342,64.5800201715204,0.6591029167175293,0.7386375069618225,327,5.030769230769231,0.038998211091234344,327
152,,21.43682737632156,21.466185143740205,20.649906338659694,0.6734441518783569,0.5934423208236694,347,5.338461538461538,0.04138342277877161,347
153,,33.13913888771165,33.014108139476406,86.13211164813654,0.6562795639038086,0.7378588914871216,323,4.969230769230769,0.038521168753726895,323
154,,20.696481844612002,20.698495264925864,38.50932663901488,0.6967596411705017,0.4172886312007904,381,5.861538461538461,0.045438282647584975,381
155,,37.51393490304713,37.5270073479762,50.48615596483696,0.613318920135498,0.7463734149932861,331,5.092307692307692,0.0394752534287418,331
156,,27.955927086303358,28.004415923166906,20.409610131736404,0.6101015210151672,0.7104198336601257,338,5.2,0.040310077519379844,338
157,,23.513870103804553,23.533434224669787,39.80592960307035,0.5265730023384094,0.6705377101898193,329,5.061538461538461,0.039236732259988076,329
158,,23.997011463704474,23.941660425367093,30.059625384905555,0.7693109512329102,0.4927627742290497,361,5.553846153846154,0.04305307096004771,361
159,,22.127705605194638,22.144574596545844,38.30629098130429,0.5020052790641785,0.5968258380889893,393,6.046153846153846,0.04686940966010734,393
160,,21.79889441449632,21.712421153985733,60.40128224477916,0.6570674180984497,0.6024447679519653,366,5.630769230769231,0.04364937388193202,366
161,,28.389348364582997,28.4148039436601,43.17917880529072,0.7092613577842712,0.656282365322113,301,4.630769230769231,0.035897435897435895,301
162,,21.105572670123674,21.070041975673835,27.204782139607936,0.6490478515625,0.5732008814811707,381,5.861538461538461,0.045438282647584975,381
163,,27.07946504458139,27.083017735314726,10.959405227094932,0.652290403842926,0.6736608147621155,326,5.015384615384615,0.03887895050685748,326
164,,24.479270965238456,24.47218221021456,67.05560914128023,0.6833850741386414,0.6611156463623047,328,5.046153846153846,0.039117471675611214,328
165,,29.289283167687984,29.25278404856566,35.81309036151466,0.5257862210273743,0.7785210609436035,348,5.3538461538461535,0.04150268336314848,348
166,,29.960265135979043,29.92234950573804,103.68257811586058,0.6170951724052429,0.6282986402511597,333,5.123076923076923,0.039713774597495526,333
167,,20.305152023312797,20.282734550118306,49.77347881393598,0.30803200602531433,0.5463211536407471,397,6.107692307692307,0.04734645199761479,397
168,,24.085268616054794,24.091692988989745,28.431397340952415,0.7159332036972046,0.7443036437034607,337,5.184615384615385,0.04019081693500298,337
169,,23.223355495283705,23.248260773350943,32.96663529268506,0.6061049699783325,0.7476527690887451,353,5.430769230769231,0.042098986285032794,353
170,,25.064747121569873,25.037065946201118,85.3562091496855,0.7242873311042786,0.5493907928466797,357,5.492307692307692,0.04257602862254025,357
171,,31.83673339943826,31.86845083120635,64.50645108657352,0.5891717672348022,0.6979017853736877,338,5.2,0.040310077519379844,338
172,,21.146501398174518,21.12424276535123,25.924933398685827,0.4872639775276184,0.5753251910209656,369,5.676923076923077,0.04400715563506261,369
173,,20.375705682713818,20.34046944599913,43.17103449130228,0.4667776823043823,0.43311694264411926,382,5.876923076923077,0.04555754323196184,382
174,,22.24120432208721,22.208572682533358,31.594699666705253,0.6500824093818665,0.6277719140052795,334,5.138461538461539,0.03983303518187239,334
175,,20.457902880364827,20.416469451328332,24.964366576678678,0.6508603692054749,0.4073040187358856,378,5.815384615384615,0.04508050089445438,378
176,,19.493475999131476,19.530991227393034,36.062704603190696,0.5179172158241272,0.6072144508361816,391,6.015384615384615,0.046630888491353606,391
177,,34.661272477233695,34.601182110223824,117.10815154827934,0.6989558339118958,0.5904147028923035,334,5.138461538461539,0.03983303518187239,334
178,,25.10604636417421,25.094091641938274,18.19985566180152,0.6577425599098206,0.697388231754303,346,5.323076923076923,0.04126416219439475,346
179,,29.08293119873311,29.109923631190014,40.55521460043842,0.7404529452323914,0.7558844089508057,343,5.276923076923077,0.04090638044126416,343
180,,20.5418492308876,20.556568051093638,20.869874572756284,0.40036940574645996,0.5528535842895508,409,6.292307692307692,0.04877757901013715,409
181,,24.259712771057274,24.25829341154598,61.905667840037204,0.5641053915023804,0.4410088360309601,356,5.476923076923077,0.04245676803816339,355
182,,26.251261042690647,26.26168917440997,43.55535495644415,0.7241737246513367,0.592477560043335,313,4.815384615384615,0.03732856290995826,313
183,,20.49238126980949,20.50395256761627,9.845218323841777,0.5755751132965088,0.6325909495353699,371,5.707692307692308,0.04424567680381634,371
184,,22.294564596641894,22.30474164268931,34.07365332411737,0.6669676303863525,0.6062632203102112,389,5.984615384615385,0.04639236732259988,389
185,,23.698918025803867,23.678423882496954,13.774344481986729,0.4649588465690613,0.6991158127784729,381,5.861538461538461,0.045438282647584975,381
186,,25.89682326103396,25.851562550391243,86.1796911980697,0.5516692996025085,0.7137860655784607,359,5.523076923076923,0.042814549791293975,359
187,,24.52283290899931,24.535138756259595,36.41320032604532,0.573314905166626,0.7396110892295837,324,4.984615384615385,0.03864042933810376,324
188,,27.673874211541314,27.606536775132646,87.1637705249018,0.7014883160591125,0.5004822015762329,327,5.030769230769231,0.038998211091234344,327
189,,27.871119116447307,27.90958595479817,50.14879744933217,0.6677078604698181,0.5689248442649841,347,5.338461538461538,0.04138342277877161,347
190,,53.41007368746039,53.42678339510387,115.75445244752744,0.6929736137390137,0.7566011548042297,293,4.507692307692308,0.03494335122242099,293
191,,29.763191281338575,29.75665518666773,48.00920843158743,0.6377220153808594,0.7501225471496582,305,4.6923076923076925,0.03637447823494335,305
192,,24.12971928157235,24.142434003793838,31.846163635296122,0.6928237676620483,0.6331162452697754,354,5.446153846153846,0.04221824686940966,354
193,,25.519745453390247,25.516279466112422,42.21114108890495,0.6852108836174011,0.576777458190918,350,5.384615384615385,0.04174120453190221,350
194,,27.170625412453504,27.156811299515073,67.99268928637758,0.4535987973213196,0.54584139585495,375,5.769230769230769,0.044722719141323794,375
195,,21.747861908914068,21.758648812433275,30.694447057927945,0.6692135334014893,0.4167703092098236,362,5.569230769230769,0.04317233154442457,362
196,,36.568166963155996,36.529889710171275,94.35802323214999,0.6576749682426453,0.5661550760269165,359,5.523076923076923,0.042814549791293975,359
197,,27.49504455020331,27.501021310826737,30.472557450272372,0.5146828889846802,0.5835450291633606,339,5.2153846153846155,0.04042933810375671,339
198,,57.18218082827993,57.242142458265306,145.0672049116792,0.6995174288749695,0.7685879468917847,294,4.523076923076923,0.03506261180679785,294
199,,26.716429599445554,26.725426102695227,74.95570111043378,0.5163764953613281,0.5366700887680054,387,5.953846153846154,0.046153846153846156,387
200,,22.856243078811396,22.858070503989723,23.96669769999651,0.5821002125740051,0.6922829151153564,378,5.815384615384615,0.04508050089445438,378
201,,55.87792159778656,55.86324729520957,163.02289685493548,0.6016067862510681,0.7999624013900757,315,4.846153846153846,0.03756708407871199,315
202,,31.899325068822684,31.898422334456594,62.673961924172986,0.7758060097694397,0.6488614678382874,301,4.630769230769231,0.035897435897435895,301
203,,21.575029550995136,21.570663513348254,63.86064985733245,0.6594077944755554,0.7279282808303833,348,5.3538461538461535,0.04150268336314848,348
204,,38.62672567033557,38.65753960846977,82.97150279028834,0.7313408851623535,0.5759900212287903,292,4.492307692307692,0.034824090638044126,292
205,,24.761065527792802,24.770871299880014,28.12326488924784,0.6572974920272827,0.6120537519454956,359,5.523076923076923,0.042814549791293975,359
206,,22.924045822897277,22.975925322761267,56.47006385754853,0.6771097183227539,0.6191194653511047,347,5.338461538461538,0.04138342277877161,347
207,,24.776913624422185,24.82455016277293,26.630046684423366,0.7586409449577332,0.7344698905944824,340,5.230769230769231,0.04054859868813357,340
208,,27.64085764806433,27.607866504057554,55.3569657621436,0.5398089289665222,0.6821575164794922,326,5.015384615384615,0.03887895050685748,326
209,,38.478510667887065,38.42761469903204,95.37306520387318,0.7730146050453186,0.6618154644966125,292,4.492307692307692,0.034824090638044126,292
210,,25.04470363760471,25.04272425172542,50.87025130392313,0.4888728857040405,0.4290674030780792,365,5.615384615384615,0.043530113297555156,365
211,,29.881882469655782,29.864955011384634,47.30063248715819,0.7905921936035156,0.7577962875366211,323,4.969230769230769,0.038521168753726895,323
212,,33.79160441075888,33.725601064552144,77.47493884595863,0.5859334468841553,0.676080584526062,323,4.969230769230769,0.038521168753726895,323
213,,24.37062985509201,24.38835483389002,26.40620637202216,0.671129047870636,0.6944413781166077,357,5.492307692307692,0.04257602862254025,357
214,,26.591968935034558,26.62002727552435,35.01772686827642,0.5973279476165771,0.7209658622741699,315,4.846153846153846,0.03756708407871199,315
215,,32.62136347317126,32.60782409735921,45.100015062835645,0.6569516658782959,0.6910938620567322,324,4.984615384615385,0.03864042933810376,324
216,,27.9047253493084,27.89174646955464,56.472168626693296,0.7631351351737976,0.684960663318634,322,4.953846153846154,0.03840190816935003,322
217,,22.537645282063863,22.493175731735576,17.749989055901192,0.5419201850891113,0.6101725101470947,372,5.723076923076923,0.0443649373881932,372
218,,21.809080699128874,21.80743926688515,64.82691309583159,0.6982174515724182,0.5395092964172363,344,5.292307692307692,0.041025641025641026,344
219,,26.196032248538543,26.158691070232752,38.55016351607827,0.8113207221031189,0.6865171790122986,371,5.707692307692308,0.04424567680381634,371
220,,28.68010820789441,28.578448019020314,60.588160051212014,0.6877701282501221,0.7400490641593933,314,4.8307692307692305,0.03744782349433512,314
221,,26.3129750256787,26.31717268028169,23.250970974533683,0.7080694437026978,0.5732116103172302,352,5.415384615384616,0.04197972570065593,352
222,,35.347057079623056,35.249547484039724,82.13758890064662,0.6710333228111267,0.6721766591072083,327,5.030769230769231,0.038998211091234344,327
223,,34.028327534764635,34.00212466112138,38.32223814531456,0.7206425666809082,0.6834519505500793,297,4.569230769230769,0.035420393559928445,297
224,,20.330338617582893,20.306506185474564,15.575133775140598,0.5805653929710388,0.7027193307876587,344,5.292307692307692,0.041025641025641026,344
225,,25.076316654762753,25.0633147658521,53.531270978125,0.7341177463531494,0.46260055899620056,315,4.846153846153846,0.03756708407871199,315
226,,18.987038223004546,19.005500167520903,32.86395552664542,0.35714951157569885,0.5045018196105957,390,6.0,0.046511627906976744,390
227,,31.53784612583152,31.558310110163873,79.33878322626633,0.6073729395866394,0.5285871028900146,349,5.369230769230769,0.041621943947525344,349
228,,23.546312286941017,23.491412318314378,57.53464862075005,0.6399950981140137,0.6268657445907593,373,5.7384615384615385,0.04448419797257006,373
229,,22.491518399254275,22.445095156348714,56.41388373371472,0.30961164832115173,0.6052246689796448,412,6.338461538461538,0.04913536076326774,412
230,,27.471041250738967,27.430884615493984,68.37694496793083,0.6478136777877808,0.3012499511241913,377,5.8,0.04496124031007752,377
231,,42.544854274670044,42.60068470468919,67.56012400783501,0.659028172492981,0.7036665081977844,314,4.8307692307692305,0.03744782349433512,314
232,,27.25515041694474,27.241620502993257,57.6227323996471,0.5814322829246521,0.5093669891357422,336,5.1692307692307695,0.04007155635062612,336
233,,27.797810452665843,27.75736102206618,33.68876510363531,0.5478085875511169,0.7193449139595032,338,5.2,0.040310077519379844,338
234,,26.1777140308858,26.135278842541545,54.17047390294301,0.6067922115325928,0.7476421594619751,349,5.369230769230769,0.041621943947525344,349
235,,30.173428660222697,30.110884696469196,92.1629162029621,0.6975463032722473,0.49818602204322815,401,6.1692307692307695,0.047823494335122244,401
236,,47.062674998328106,46.99641080666169,133.34063702783192,0.7106602787971497,0.6657663583755493,322,4.953846153846154,0.03840190816935003,322
237,,23.347880112624367,23.370858348675746,34.31660596530582,0.4611191153526306,0.5451498627662659,345,5.3076923076923075,0.04114490161001789,345
238,,22.82018032664677,22.728898559556885,34.75780917387984,0.6935626268386841,0.344838410615921,407,6.2615384615384615,0.048539057841383425,407
239,,27.78207555387092,27.82783454644261,67.58387036745033,0.545235812664032,0.6665957570075989,370,5.6923076923076925,0.044126416219439475,370
240,,31.036730291535786,31.04658938839417,46.73903028978528,0.7109153866767883,0.6971096396446228,309,4.753846153846154,0.03685152057245081,309
241,,29.30718242448332,29.219231167347765,32.19625794824821,0.6754114627838135,0.5431113839149475,329,5.061538461538461,0.039236732259988076,329
242,,18.409075407670734,18.391079308614465,28.092662326178857,0.3622748851776123,0.42146986722946167,376,5.7846153846153845,0.044841979725700656,376
243,,25.81095525629645,25.73778857193819,66.45595754629511,0.6278243064880371,0.498139888048172,339,5.2153846153846155,0.04042933810375671,339
244,,32.59032673191384,32.56717769149522,54.93506205573434,0.7282204031944275,0.6892216205596924,282,4.338461538461538,0.03363148479427549,282
245,,37.03597709089717,36.911963656352995,99.34333443063349,0.6539173126220703,0.5670784115791321,328,5.046153846153846,0.039117471675611214,328
246,,21.35080589618307,21.375338642058157,51.986347629232576,0.4822511672973633,0.7830640077590942,365,5.615384615384615,0.043530113297555156,365
247,,37.093799853126306,37.10862882290803,100.64070367086012,0.7117831110954285,0.715087354183197,292,4.492307692307692,0.034824090638044126,292
248,,29.594531367301744,29.618839298791684,39.70147603254774,0.5512376427650452,0.5685276985168457,344,5.292307692307692,0.041025641025641026,344
249,,17.41428378750925,17.402617714391607,44.4061224613309,0.654283344745636,0.533567488193512,461,7.092307692307692,0.05497912939773405,461
250,,29.331865438101943,29.359007375692737,62.12601324173934,0.5769921541213989,0.6935484409332275,373,5.7384615384615385,0.04448419797257006,373
251,,27.528823987202372,27.51955953540713,46.23028021259178,0.5422579050064087,0.621991753578186,334,5.138461538461539,0.03983303518187239,334
252,,25.979923477784578,25.992381094443164,20.349135152058256,0.5265565514564514,0.6461480855941772,375,5.769230769230769,0.044722719141323794,375
253,,33.242464451578925,33.29068942345792,79.73984853619193,0.700669527053833,0.554107666015625,332,5.107692307692307,0.03959451401311866,332
254,,27.06766295098365,27.043197698363635,63.589045716246886,0.6165726184844971,0.5791108012199402,349,5.369230769230769,0.041621943947525344,349
255,,20.018915943804085,20.033485734617557,24.96508475010257,0.5971990823745728,0.6399815678596497,402,6.184615384615385,0.047942754919499106,402
256,,23.914576902869907,23.91169967534378,58.0770358526209,0.5839834809303284,0.703257143497467,343,5.276923076923077,0.04090638044126416,343
257,,31.164823646359675,31.192117011139196,69.95272271422772,0.3530757427215576,0.5052589774131775,376,5.7846153846153845,0.044841979725700656,376
258,,24.98261884584749,25.005272395013574,31.91239381549468,0.653480589389801,0.6461761593818665,329,5.061538461538461,0.039236732259988076,329
259,,23.26692987609987,23.2589212587436,32.23409368307282,0.635201632976532,0.5304399132728577,379,5.8307692307692305,0.045199761478831244,379
260,,28.073747750512503,28.091984098098848,51.53062934421603,0.7497680187225342,0.7342957854270935,378,5.815384615384615,0.04508050089445438,378
261,,18.05398053470055,18.018507065534077,45.33331245599789,0.5137966871261597,0.5551614761352539,409,6.292307692307692,0.04877757901013715,409
262,,20.938858879510434,20.97589185136591,31.11488641562961,0.660172164440155,0.47570735216140747,394,6.061538461538461,0.0469886702444842,393
263,,21.5420880991292,21.483262114610135,28.649548901346705,0.6094661355018616,0.4910334646701813,389,5.984615384615385,0.04639236732259988,389
264,,18.490453393676578,18.51712358697309,31.914304319478763,0.7612303495407104,0.46774962544441223,398,6.123076923076923,0.04746571258199165,398
265,,23.728942055971817,23.730570603734282,55.62397671506063,0.5295314788818359,0.5995725989341736,366,5.630769230769231,0.04364937388193202,366
266,,24.271623007788467,24.283895322759303,28.505611065661192,0.7611982822418213,0.662696361541748,349,5.369230769230769,0.041621943947525344,348
267,,20.649292125266925,20.60398336611291,39.53016217244738,0.637799084186554,0.5918400883674622,365,5.615384615384615,0.043530113297555156,365
268,,29.857914673792546,29.839694479229035,60.61939542133449,0.6382455229759216,0.5486677885055542,365,5.615384615384615,0.043530113297555156,365
269,,19.014673370589627,18.990390436239583,38.266963729051376,0.6601834893226624,0.5700297355651855,402,6.184615384615385,0.047942754919499106,402
270,,31.723753317671793,31.734051411972967,78.52891848235018,0.7236647009849548,0.6310607194900513,333,5.123076923076923,0.039713774597495526,333
271,,17.35852206129641,17.367174758064643,26.736500111456856,0.7059370279312134,0.5981981754302979,405,6.230769230769231,0.04830053667262969,405
272,,20.347374853465887,20.353556793249414,22.55822327949147,0.31356269121170044,0.4158681333065033,412,6.338461538461538,0.04913536076326774,412
273,,24.17620052996608,24.156165105603602,38.71449671777383,0.6680219769477844,0.6375815272331238,362,5.569230769230769,0.04317233154442457,362
274,,30.76338966510575,30.785446166002053,55.07567859747785,0.6772436499595642,0.6156304478645325,325,5.0,0.03875968992248062,325
275,,44.51693446424298,44.47491736879502,142.28843580667092,0.7007681131362915,0.38944801688194275,363,5.584615384615384,0.04329159212880143,363
276,,35.34272140092621,35.26329554067988,87.82659159742279,0.7243085503578186,0.7043184638023376,330,5.076923076923077,0.03935599284436494,330
277,,30.416324639580537,30.456420289923663,56.40963385622065,0.5657429099082947,0.7519230842590332,314,4.8307692307692305,0.03744782349433512,314
278,,21.795857235699433,21.748413590671937,41.78432525228684,0.4692144989967346,0.4180298447608948,392,6.030769230769231,0.04675014907573047,392
279,,28.402027172382905,28.38764801194654,54.43550648632864,0.5655817985534668,0.7572638392448425,332,5.107692307692307,0.03959451401311866,332
280,,28.898688346689156,28.917395300866303,29.305981649601403,0.6781494617462158,0.6971855759620667,321,4.938461538461539,0.03828264758497316,321
281,,18.04129688501951,18.069190686426293,31.18440335892959,0.7071062326431274,0.6194741725921631,405,6.230769230769231,0.04830053667262969,405
282,,31.97103094865301,31.97927001364539,33.18721081308987,0.5933602452278137,0.615814745426178,385,5.923076923076923,0.045915324985092425,385
283,,28.525202396493743,28.50669393266549,58.50797137022643,0.6428884863853455,0.6248776912689209,319,4.907692307692308,0.03804412641621944,319
284,,24.187937284553687,24.17769344058477,42.20792081429826,0.6338359713554382,0.730373740196228,334,5.138461538461539,0.03983303518187239,334
285,,24.999604053638265,24.985598447187808,51.931378159241625,0.7786176204681396,0.6711488366127014,358,5.507692307692308,0.04269528920691711,358
286,,18.75522828344542,18.717717522110927,36.17066508484468,0.5218563675880432,0.361385315656662,416,6.4,0.04961240310077519,416
287,,24.681101700526327,24.542011751634927,45.48588586058624,0.6578237414360046,0.6157895922660828,350,5.384615384615385,0.04174120453190221,349
288,,44.73152553265478,44.736616252759276,107.92592872178189,0.7702358365058899,0.7392596006393433,303,4.661538461538462,0.036135957066189626,303
289,,33.649196827144145,33.658657605551085,96.74680707365177,0.6403575539588928,0.5627526044845581,328,5.046153846153846,0.039117471675611214,328
290,,26.06232262486963,26.07451980776267,48.359384642054415,0.687681257724762,0.758242666721344,348,5.3538461538461535,0.04150268336314848,348
291,,26.169828400554213,26.19997831167646,54.6293962469175,0.7168161273002625,0.6723276972770691,335,5.153846153846154,0.03995229576624926,335
292,,21.51492825203164,21.516276210945232,35.98368971585727,0.6851982474327087,0.594082772731781,373,5.7384615384615385,0.04448419797257006,373
293,,21.159808904927573,21.094416680614525,36.508340371209535,0.7005362510681152,0.5950862169265747,371,5.707692307692308,0.04424567680381634,371
294,,25.516116661248894,25.500002023151005,58.27429051605466,0.681751549243927,0.638416588306427,333,5.123076923076923,0.039713774597495526,333
295,,44.57576156879839,44.53606784182001,77.359861384836,0.5638218522071838,0.7541197538375854,297,4.569230769230769,0.035420393559928445,297
296,,34.84702418096168,34.76613709046872,119.42800098218055,0.7281733751296997,0.6470988392829895,322,4.953846153846154,0.03840190816935003,322
297,,26.97070567674199,26.919915200992527,44.06780050835859,0.6211330890655518,0.41840702295303345,369,5.676923076923077,0.04400715563506261,369
298,,23.597894991697995,23.539484722352086,65.98182518907791,0.5689561367034912,0.6952908039093018,335,5.153846153846154,0.03995229576624926,335
299,,27.133783692657023,27.065732215607504,38.3370785611196,0.7205892205238342,0.765278160572052,302,4.6461538461538465,0.036016696481812764,302
300,,32.39227067121126,32.39922939104417,52.99940057274975,0.6426705718040466,0.5603578686714172,316,4.861538461538461,0.03768634466308885,316
301,,22.76853263477309,22.746066684149714,62.75492521149666,0.751180112361908,0.6724385619163513,360,5.538461538461538,0.04293381037567084,360
302,,22.937095400528534,22.910444455686903,32.81584551495961,0.5906614661216736,0.49743056297302246,356,5.476923076923077,0.04245676803816339,356
303,,20.147179671970456,20.1583517110323,34.173518703956795,0.4584243893623352,0.6327356100082397,375,5.769230769230769,0.044722719141323794,375
304,,42.64798532634036,42.55563831035769,107.30590335920765,0.7257208228111267,0.4992358982563019,311,4.7846153846153845,0.03709004174120453,311
305,,19.88315794743531,19.922281569935205,26.845960564373655,0.459966242313385,0.7050037980079651,369,5.676923076923077,0.04400715563506261,369
306,,32.99165492232769,33.03571015866521,71.0571730023168,0.5624934434890747,0.6270667314529419,322,4.953846153846154,0.03840190816935003,322
307,,21.467853486948638,21.468686868926717,44.76541664785546,0.39716070890426636,0.5604695081710815,363,5.584615384615384,0.04329159212880143,363
308,,22.765673581244133,22.69561672466302,68.6278487476077,0.36306166648864746,0.5492433905601501,386,5.938461538461539,0.04603458556946929,386
309,,34.266169795437804,34.27116166754261,102.84488043140666,0.48563334345817566,0.6198492050170898,323,4.969230769230769,0.038521168753726895,323
310,,24.272499460740907,24.26395394843687,61.65982057265798,0.3373331129550934,0.46485957503318787,381,5.861538461538461,0.045438282647584975,381
311,,29.507000585765006,29.527194184596826,42.54979028781265,0.7482663989067078,0.6171230673789978,321,4.938461538461539,0.03828264758497316,321
312,,27.041467487463613,26.985230947219662,91.23707197982968,0.5267857313156128,0.7279776930809021,336,5.1692307692307695,0.04007155635062612,336
313,,28.011817849340463,27.967657219183632,61.603647131363346,0.751181960105896,0.6164169311523438,301,4.630769230769231,0.035897435897435895,301
314,,23.896541551010912,23.890262093023537,48.565245732778195,0.5588363409042358,0.7099098563194275,335,5.153846153846154,0.03995229576624926,335
315,,43.51264284928146,43.523675295776236,104.00152233072883,0.7027896046638489,0.744844913482666,301,4.630769230769231,0.035897435897435895,301
316,,31.86713705277828,31.88438434108689,28.369978246185077,0.5570659041404724,0.5226993560791016,328,5.046153846153846,0.039117471675611214,328
317,,21.6015690118968,21.555508747168144,55.37020456657581,0.7130938172340393,0.6269742250442505,367,5.6461538461538465,0.04376863446630889,367
318,,25.66377772790323,25.656709905707196,38.80966571363787,0.5769665241241455,0.6912888884544373,355,5.461538461538462,0.042337507453786526,355
319,,24.432523587544424,24.477274958777617,33.213173851937135,0.6124321818351746,0.5233884453773499,372,5.723076923076923,0.0443649373881932,372
320,,30.686677513570903,30.633131804893157,89.25199740858139,0.7628346681594849,0.7344503402709961,285,4.384615384615385,0.03398926654740608,285
321,,25.13618357557208,25.10924439603707,32.53419736333841,0.43700656294822693,0.5441669821739197,365,5.615384615384615,0.043530113297555156,365
322,,29.24319238187837,29.313727800281978,18.218967786304557,0.726080596446991,0.5464981198310852,329,5.061538461538461,0.039236732259988076,329
323,,19.412426597233086,19.396599189456833,16.040438628269943,0.5231256484985352,0.5925291180610657,387,5.953846153846154,0.046153846153846156,387
324,,24.110753165501652,24.113083163162106,69.40627992007757,0.6025620698928833,0.35738930106163025,399,6.138461538461539,0.04758497316636851,399
325,,33.08703995103164,32.99869863806207,105.1448177064406,0.2049444615840912,0.7327934503555298,356,5.476923076923077,0.04245676803816339,356
326,,29.203703285077182,29.230997025167206,47.74349230770076,0.7026433348655701,0.6561744809150696,311,4.7846153846153845,0.03709004174120453,310
327,,25.99267273466703,26.024022533633016,23.8155658587269,0.6079775094985962,0.7030590176582336,357,5.492307692307692,0.04257602862254025,357
328,,20.412944989022158,20.408424805521765,29.11548613544487,0.7292032241821289,0.3422866463661194,390,6.0,0.046511627906976744,390
329,,21.722506762904093,21.738114599145845,32.63303864794334,0.7930223941802979,0.41523903608322144,359,5.523076923076923,0.042814549791293975,359
330,,18.941295954449227,18.9134010049686,25.856839476467353,0.5560934543609619,0.5583545565605164,399,6.138461538461539,0.04758497316636851,399
331,,20.024991775824333,20.004941610536534,32.21682485672748,0.7410235404968262,0.7576987743377686,341,5.246153846153846,0.04066785927251044,341
332,,24.027172397645614,24.03852510624286,47.80035644718176,0.4302299916744232,0.5981404781341553,376,5.7846153846153845,0.044841979725700656,376
333,,37.55128908751105,37.53627323725511,28.605707494769003,0.65595543384552,0.6920490264892578,325,5.0,0.03875968992248062,325
334,,22.73122495420818,22.77257949887266,37.76413710263199,0.40057259798049927,0.4726797640323639,383,5.892307692307693,0.0456768038163387,383
335,,20.695650869946668,20.69358399929893,39.63283998677259,0.4350090026855469,0.4673047959804535,375,5.769230769230769,0.044722719141323794,375
336,,23.356671249382448,23.36085648426684,43.99793577637049,0.722898006439209,0.5347399115562439,363,5.584615384615384,0.04329159212880143,363
337,,22.718431188807774,22.67471554504813,50.5981357562019,0.6039360761642456,0.45720335841178894,375,5.769230769230769,0.044722719141323794,375
338,,22.79263032391188,22.766879684337013,38.486805181536134,0.571448802947998,0.7457576394081116,328,5.046153846153846,0.039117471675611214,328
339,,22.213544451633453,22.201680811501884,23.255316126632003,0.4901657998561859,0.5421279668807983,347,5.338461538461538,0.04138342277877161,347
340,,55.67097170307126,55.65298595280677,134.22019531574176,0.7092847228050232,0.7488406300544739,320,4.923076923076923,0.0381633870005963,320
341,,19.710108640644634,19.646498540940748,37.51446497879642,0.5637499690055847,0.3616063594818115,404,6.2153846153846155,0.04818127608825283,404
342,,27.84242730331727,27.823904078198403,84.76677567576466,0.5779012441635132,0.687149167060852,354,5.446153846153846,0.04221824686940966,354
343,,18.27779101668942,18.294477518194267,34.162027422584146,0.5370644330978394,0.6303228735923767,398,6.123076923076923,0.04746571258199165,398
344,,27.38731476563848,27.375708736481336,77.2184999826774,0.3324678838253021,0.3618506193161011,382,5.876923076923077,0.04555754323196184,382
345,,22.612414741566504,22.55223108787022,49.22591388155175,0.34200596809387207,0.7079790234565735,354,5.446153846153846,0.04221824686940966,354
346,,33.52748417110435,33.5601756286893,55.15977828786996,0.5475531220436096,0.6145234704017639,332,5.107692307692307,0.03959451401311866,332
347,,25.96285311305553,25.81973489537327,85.55813347789386,0.4800051152706146,0.38997867703437805,352,5.415384615384616,0.04197972570065593,352
348,,22.14607966221335,22.15035345883986,25.316997403072246,0.7499354481697083,0.620113730430603,337,5.184615384615385,0.04019081693500298,337
349,,24.86534396163909,24.9064054046189,67.07237331656566,0.6003880500793457,0.7009134292602539,319,4.907692307692308,0.03804412641621944,319
350,,27.066206790005175,27.059364169103628,36.58742300170906,0.6654324531555176,0.6618975400924683,319,4.907692307692308,0.03804412641621944,319
351,,23.580216776228454,23.612928837670268,52.127192577731634,0.5970487594604492,0.5594255328178406,331,5.092307692307692,0.0394752534287418,331
352,,19.475818417315118,19.467353603857774,34.20705220035473,0.45783481001853943,0.6498404741287231,355,5.461538461538462,0.042337507453786526,355
353,,36.766484807387656,36.73118522638701,92.96552988829654,0.7258320450782776,0.8086628317832947,339,5.2153846153846155,0.04042933810375671,339
354,,32.57507934769654,32.5584352346329,72.33448544498799,0.7263429164886475,0.40350988507270813,341,5.246153846153846,0.04066785927251044,341
355,,27.61261157200014,27.56234495563718,29.743818190753363,0.7102276086807251,0.6881304383277893,308,4.7384615384615385,0.03673225998807394,308
356,,58.42608572435273,58.373604198181866,148.93253474706128,0.6659722328186035,0.7400139570236206,311,4.7846153846153845,0.03709004174120453,311
357,,17.326009886613278,17.28491261709762,36.96223951303104,0.5062759518623352,0.39999082684516907,438,6.7384615384615385,0.052236135957066186,438
358,,24.87362938484446,24.912363316097274,29.163353133375274,0.5676890015602112,0.6327377557754517,373,5.7384615384615385,0.04448419797257006,373
359,,19.860491911373856,19.87316719098053,20.53545830094894,0.6513631343841553,0.5960792303085327,374,5.753846153846154,0.04460345855694693,373
360,,33.78984979488744,33.79048878355513,54.373899863901144,0.7235116362571716,0.6877861618995667,321,4.938461538461539,0.03828264758497316,321
361,,52.982922385452284,52.94171573200986,106.59039526832836,0.7564762234687805,0.7648075222969055,291,4.476923076923077,0.034704830053667264,291
362,,27.646488600599184,27.534727842064584,106.13647985919184,0.6123821139335632,0.6390959620475769,320,4.923076923076923,0.0381633870005963,320
363,,25.87087353666608,25.84902672046237,12.182894618800027,0.5168634653091431,0.6828794479370117,327,5.030769230769231,0.038998211091234344,327
364,,24.9482823335555,24.9472403733426,45.32317060049715,0.7325286269187927,0.7296640276908875,350,5.384615384615385,0.04174120453190221,349
365,,31.993422586753038,32.017612264411966,47.72480277861196,0.6800539493560791,0.5716177821159363,352,5.415384615384616,0.04197972570065593,352
366,,22.912741559920764,22.869767715663578,75.95312188644107,0.7676571011543274,0.6267792582511902,348,5.3538461538461535,0.04150268336314848,348
367,,23.859669485824888,23.79561739361419,75.43841265101665,0.548491895198822,0.6101461052894592,371,5.707692307692308,0.04424567680381634,371
368,,27.15793283606405,27.17543490165509,65.40173009989311,0.6353172063827515,0.6758717894554138,326,5.015384615384615,0.03887895050685748,326
369,,21.06574147682224,21.092573147904144,30.159590184149014,0.6248664855957031,0.5158809423446655,382,5.876923076923077,0.04555754323196184,382
370,,26.295929143299766,26.281381519661604,37.11532810130819,0.7353320717811584,0.6139141321182251,338,5.2,0.040310077519379844,338
371,,20.509212706815216,20.48558039597549,37.3629940757953,0.6022188663482666,0.3499031364917755,394,6.061538461538461,0.0469886702444842,394
372,,45.06095765611258,45.08484313468963,125.62661536860216,0.6615830659866333,0.6020780801773071,354,5.446153846153846,0.04221824686940966,354
373,,25.25836108287555,25.1778827359028,66.28752789252448,0.5371845364570618,0.5276694893836975,346,5.323076923076923,0.04126416219439475,346
374,,19.923467654970135,19.921790254500333,34.04003658488547,0.7219176888465881,0.6964702606201172,377,5.8,0.04496124031007752,377
375,,45.39768927503627,45.40362139218688,95.17620214313897,0.757419764995575,0.738631546497345,305,4.6923076923076925,0.03637447823494335,305
376,,22.429825348103062,22.45992462104107,70.17503012510703,0.4963163137435913,0.6567729115486145,348,5.3538461538461535,0.04150268336314848,348
377,,21.73233354392794,21.709140897026582,48.08717861741794,0.5558376312255859,0.3906398117542267,403,6.2,0.04806201550387597,403
378,,54.29288828227636,54.31282952900029,118.73402247401307,0.7703120708465576,0.7646617889404297,323,4.969230769230769,0.038521168753726895,323
379,,32.000301754171716,31.967209738529757,96.84111788228404,0.6928781867027283,0.747752845287323,306,4.707692307692308,0.036493738819320214,306
380,,23.43460181313544,23.360109208494787,51.74639038088319,0.6577738523483276,0.48797476291656494,389,5.984615384615385,0.04639236732259988,389
381,,21.380762624869334,21.368594701405385,34.844138203448985,0.5353585481643677,0.4769301116466522,357,5.492307692307692,0.04257602862254025,357
382,,31.813549916374644,31.795364860063685,37.44694835731085,0.5746873617172241,0.6389372944831848,335,5.153846153846154,0.03995229576624926,335
383,,38.77600818758286,38.728292255577585,59.56067527254604,0.7840624451637268,0.7203367948532104,318,4.892307692307693,0.037924865831842576,318
384,,20.64008473198364,20.66411094030453,46.25102882703835,0.3514976501464844,0.7749634385108948,399,6.138461538461539,0.04758497316636851,399
385,,36.016976850550414,35.96519699511745,102.55503458523955,0.6766319870948792,0.5829319953918457,337,5.184615384615385,0.04019081693500298,337
386,,21.9386065218324,21.958366803636572,31.27840708764411,0.7380955219268799,0.6180421710014343,358,5.507692307692308,0.04269528920691711,358
387,,35.94130655846278,35.92150822720866,92.8850572179927,0.6959954500198364,0.7304491400718689,294,4.523076923076923,0.03506261180679785,294
388,,39.44147485910836,39.45504563857872,116.23594414079221,0.6082026362419128,0.6636796593666077,325,5.0,0.03875968992248062,325
389,,24.494905114166258,24.460717891694113,52.18495213480875,0.5186330080032349,0.7138269543647766,372,5.723076923076923,0.0443649373881932,372
390,,25.80216860716386,25.73207130003525,62.774571044660114,0.6904262900352478,0.7680055499076843,317,4.876923076923077,0.037805605247465714,317
391,,31.546592925986747,31.52611535938297,71.12299972742049,0.662053644657135,0.6903660893440247,316,4.861538461538461,0.03768634466308885,316
392,,21.912725036598165,21.86914976435025,38.38746108392482,0.39439645409584045,0.5544790029525757,390,6.0,0.046511627906976744,390
393,,29.48406773184168,29.507078298808278,88.1292792751344,0.616621196269989,0.6538342237472534,331,5.092307692307692,0.0394752534287418,331
394,,30.522099322097,30.441816337264257,79.35019998264998,0.5166664123535156,0.5424550175666809,337,5.184615384615385,0.04019081693500298,337
395,,29.87621714896303,29.867790214511135,32.70019047488713,0.734346330165863,0.6446589827537537,344,5.292307692307692,0.041025641025641026,344
396,,31.17416777267898,31.171352214153032,62.74731774493081,0.6733316779136658,0.7415196299552917,349,5.369230769230769,0.041621943947525344,349
397,,19.116153821870206,19.140814828351544,15.377599480430645,0.7655413150787354,0.6339503526687622,397,6.107692307692307,0.04734645199761479,397
398,,28.231177465124652,28.157365701576513,84.02925003387317,0.47629570960998535,0.5302010774612427,339,5.2153846153846155,0.04042933810375671,339
399,,25.766815438622803,25.77064893104786,71.32415183093329,0.7397614121437073,0.3494703769683838,374,5.753846153846154,0.04460345855694693,374
400,,26.457900358692925,26.505769923747835,44.73127907518466,0.5306999087333679,0.6994648575782776,361,5.553846153846154,0.04305307096004771,361
401,,28.664926032296773,28.6448080489977,35.064305691338625,0.4783385992050171,0.7248514294624329,335,5.153846153846154,0.03995229576624926,335
402,,38.98813403534254,38.94662981841412,92.6293143479842,0.6970725059509277,0.6320077180862427,323,4.969230769230769,0.038521168753726895,323
403,,29.70533055943868,29.666981886125903,41.864785294753176,0.6591829657554626,0.5386584997177124,345,5.3076923076923075,0.04114490161001789,345
404,,31.817788007482033,31.805207418732795,46.47896410363645,0.7461452484130859,0.6892560720443726,298,4.584615384615384,0.03553965414430531,298
405,,26.45143073227411,26.37035011608855,27.92728848566779,0.6200817823410034,0.7366220355033875,348,5.3538461538461535,0.04150268336314848,348
406,,24.623853413159342,24.600205995605684,40.30076762807833,0.6361117959022522,0.6959818005561829,357,5.492307692307692,0.04257602862254025,357
407,,18.62750990500275,18.66205168641239,36.179788268809126,0.6832126975059509,0.5088707804679871,381,5.861538461538461,0.045438282647584975,381
408,,20.057585687401172,20.072161903480147,17.64431470731889,0.7031537294387817,0.6617294549942017,389,5.984615384615385,0.04639236732259988,389
409,,21.892182450174676,21.91698392519451,57.52094660634342,0.42011716961860657,0.3706578314304352,395,6.076923076923077,0.04710793082886106,395
410,,31.653287507815147,31.682435961183447,29.681992492883044,0.6172246932983398,0.7309150099754333,310,4.769230769230769,0.03697078115682767,310
411,,28.25089252918874,28.205549486416096,52.71729496795934,0.5498645901679993,0.5504586100578308,364,5.6,0.043410852713178294,364
412,,27.386473096249723,27.42469769807502,52.071659201988474,0.46298810839653015,0.7012810707092285,346,5.323076923076923,0.04126416219439475,346
413,,29.72123326699863,29.677518106911602,68.09162386391446,0.5967642068862915,0.6046127676963806,336,5.1692307692307695,0.04007155635062612,336
414,,23.441896363497094,23.394286459448203,45.109638526646926,0.5253716111183167,0.3575538396835327,347,5.338461538461538,0.04138342277877161,347
415,,36.99444558076308,36.997109800540734,99.36973535340341,0.6903143525123596,0.7257750630378723,328,5.046153846153846,0.039117471675611214,328
416,,25.023405241224175,24.989077002183155,64.62413693619655,0.4943844974040985,0.687571108341217,348,5.3538461538461535,0.04150268336314848,348
417,,23.287989106140802,23.223063764415475,41.16634444256609,0.6803858280181885,0.6046037673950195,379,5.8307692307692305,0.045199761478831244,379
418,,19.615308230659554,19.630524932321038,34.54822491980618,0.5967385768890381,0.65916907787323,376,5.7846153846153845,0.044841979725700656,376
419,,27.620661305666225,27.637843953485966,60.2653126596881,0.541765034198761,0.6681617498397827,328,5.046153846153846,0.039117471675611214,328
420,,19.456294434574865,19.47532376459011,26.876804501057233,0.6446049809455872,0.4932638704776764,411,6.323076923076923,0.049016100178890874,411
421,,20.59466143379241,20.577433585528382,13.754469031039369,0.6748259663581848,0.45323312282562256,344,5.292307692307692,0.041025641025641026,344
422,,19.009565978725536,18.952247300039705,54.97079871460055,0.2846325635910034,0.3886154294013977,402,6.184615384615385,0.047942754919499106,402
423,,46.11971523303506,46.12940128801435,100.53159026707057,0.7244812250137329,0.7206847667694092,308,4.7384615384615385,0.03673225998807394,308
424,,31.23191336989885,31.142582023638937,97.27941366945511,0.693780779838562,0.5682145953178406,328,5.046153846153846,0.039117471675611214,328
425,,31.28288791508395,31.266457878244058,53.169999495960184,0.7383612990379333,0.6407727599143982,304,4.676923076923077,0.03625521765056649,304
426,,24.14334412113862,24.168300647811726,40.63980561354011,0.6350772380828857,0.7173604965209961,362,5.569230769230769,0.04317233154442457,362
427,,24.937686430759708,24.908723869662587,72.27297011971764,0.6009069681167603,0.5383015275001526,336,5.1692307692307695,0.04007155635062612,336
428,,37.862870865069844,37.794950831623446,105.05285314408093,0.736806333065033,0.5902063846588135,335,5.153846153846154,0.03995229576624926,335
429,,19.44975486754164,19.40928737871483,27.852238860003872,0.6871284246444702,0.4580259323120117,363,5.584615384615384,0.04329159212880143,363
430,,35.91720887389341,35.89058682118018,94.90006673185171,0.6908136606216431,0.6192569136619568,377,5.8,0.04496124031007752,377
431,,36.68088629668979,36.734727883085355,42.55522197652462,0.562612771987915,0.7235720753669739,335,5.153846153846154,0.03995229576624926,335
432,,30.469898613141787,30.513892930841358,46.57320546735136,0.6081101298332214,0.5841287970542908,363,5.584615384615384,0.04329159212880143,363
433,,21.802087658031123,21.82148579982743,39.03869057735004,0.6369954347610474,0.7156288027763367,336,5.1692307692307695,0.04007155635062612,336
434,,24.67088169408062,24.70627561616967,31.99352045798997,0.607415497303009,0.7408673763275146,357,5.492307692307692,0.04257602862254025,357
435,,26.880022259154668,26.86438613276946,25.130191798421958,0.6291443705558777,0.7225562930107117,329,5.061538461538461,0.039236732259988076,329
436,,40.29542930339494,40.26475384362791,68.442328136404,0.782021164894104,0.7623888254165649,305,4.6923076923076925,0.03637447823494335,305
437,,30.569051392366735,30.466528046400803,80.90240556082273,0.7763873338699341,0.41691407561302185,365,5.615384615384615,0.043530113297555156,365
438,,25.70319306077378,25.717157470559222,61.21217682642214,0.7267932295799255,0.5754837393760681,319,4.907692307692308,0.03804412641621944,319
439,,25.605376554699852,25.640361057995094,61.45428128481253,0.47275999188423157,0.46661558747291565,395,6.076923076923077,0.04710793082886106,395
440,,20.938003841633726,20.90158848636525,56.49355425684782,0.5490477681159973,0.6300870776176453,364,5.6,0.043410852713178294,364
441,,21.570736775081823,21.573987714532027,48.05078296209754,0.66913241147995,0.5015700459480286,391,6.015384615384615,0.046630888491353606,391
442,,27.269066349487588,27.279150245433527,48.57334771087047,0.661487877368927,0.6929764151573181,353,5.430769230769231,0.042098986285032794,353
443,,27.334785985824368,27.34916710585969,73.84589633198269,0.5466870069503784,0.7315125465393066,316,4.861538461538461,0.03768634466308885,316
444,,35.87435293099016,35.80237837962394,106.69862865745235,0.7331883907318115,0.6556017398834229,326,5.015384615384615,0.03887895050685748,326
445,,27.610920425908283,27.568158603691092,39.169760369017105,0.6383991837501526,0.5947104096412659,307,4.723076923076923,0.036612999403697076,307
446,,43.73469041395907,43.68080276322001,122.48415820070745,0.7603787779808044,0.7004603147506714,316,4.861538461538461,0.03768634466308885,316
447,,41.562970261285386,41.480879810408645,139.56084721784737,0.726637601852417,0.6721686720848083,318,4.892307692307693,0.037924865831842576,318
448,,23.784899362059114,23.770968563511452,40.14675066002931,0.5766909122467041,0.5308769345283508,396,6.092307692307692,0.047227191413237925,396
449,,36.66480530320289,36.62956176786127,105.96604480787667,0.6943528652191162,0.6118288636207581,330,5.076923076923077,0.03935599284436494,330
450,,40.90786936149677,40.95571126407728,89.07951075778942,0.6128755211830139,0.7173254489898682,318,4.892307692307693,0.037924865831842576,318
451,,18.836644979008543,18.83732995332632,26.12050832980411,0.5132333040237427,0.6783966422080994,367,5.6461538461538465,0.04376863446630889,367
452,,27.540549110020088,27.583296830605594,51.39526025383676,0.7174124717712402,0.6001733541488647,330,5.076923076923077,0.03935599284436494,330
453,,30.988131076280407,30.953229363445992,87.18517677182346,0.543750524520874,0.5342121124267578,345,5.3076923076923075,0.04114490161001789,345
454,,24.342435966335856,24.296440692636775,68.152510772785,0.6488128900527954,0.7280076146125793,318,4.892307692307693,0.037924865831842576,318
455,,35.28117158432613,35.22896644473723,70.52028440690846,0.7283322215080261,0.6511611938476562,310,4.769230769230769,0.03697078115682767,310
456,,20.489441195634395,20.508002027327283,25.367018483385767,0.6855864524841309,0.34616726636886597,373,5.7384615384615385,0.04448419797257006,373
457,,34.38894453240773,34.26037658000387,102.76562217965248,0.5540842413902283,0.5670896768569946,333,5.123076923076923,0.039713774597495526,333
458,,22.162668881299677,22.176435311618757,23.438578105887924,0.7099866271018982,0.7292110919952393,366,5.630769230769231,0.04364937388193202,366
459,,22.812779615492122,22.745451562830997,52.5432942621529,0.5323553085327148,0.4230661690235138,370,5.6923076923076925,0.044126416219439475,370
460,,29.788775239971084,29.657075536469982,105.02057260855005,0.690957248210907,0.5325285792350769,345,5.3076923076923075,0.04114490161001789,345
461,,23.858194253338606,23.82714657095611,82.49500131485469,0.5688591003417969,0.38784465193748474,371,5.707692307692308,0.04424567680381634,371
462,,28.775147540510975,28.725664905506612,66.39140584327623,0.7141214609146118,0.6908214092254639,332,5.107692307692307,0.03959451401311866,332
463,,21.147978142469338,21.134487090873144,69.50657920357062,0.6368680000305176,0.672095537185669,375,5.769230769230769,0.044722719141323794,375
464,,20.908930231056008,20.91732571948408,31.36701839885293,0.5291064381599426,0.4934115409851074,388,5.969230769230769,0.04627310673822302,388
465,,29.332236118391588,29.336307921961033,43.907457810373074,0.6821630597114563,0.666381299495697,302,4.6461538461538465,0.036016696481812764,302
466,,31.13933181012754,31.007169779571644,72.82805559286814,0.6580150723457336,0.2768571972846985,357,5.492307692307692,0.04257602862254025,357
467,,21.186562863955206,21.169064914501128,36.129719328072476,0.4586695730686188,0.48123058676719666,418,6.430769230769231,0.04985092426952892,418
468,,25.862951160696763,25.832203987916465,37.67740045673129,0.6172806620597839,0.656909704208374,352,5.415384615384616,0.04197972570065593,352
469,,32.80699054256443,32.809859308825786,33.94438391773277,0.5967741012573242,0.44700706005096436,318,4.892307692307693,0.037924865831842576,318
470,,23.474397707769363,23.50105591073153,21.11130096257878,0.6438454389572144,0.7202191948890686,359,5.523076923076923,0.042814549791293975,359
471,,37.83930356168048,37.702783055053835,109.62919441583377,0.7776036262512207,0.698890209197998,387,5.953846153846154,0.046153846153846156,387
472,,30.287164965945163,30.22631936470058,81.13663119898295,0.3927753269672394,0.4351378381252289,350,5.384615384615385,0.04174120453190221,350
473,,30.92042340302618,30.823307519651728,86.01025706295727,0.6610180735588074,0.5020470023155212,359,5.523076923076923,0.042814549791293975,359
474,,34.31448873769414,34.28836268148968,85.92515998580073,0.6251208782196045,0.6394838094711304,332,5.107692307692307,0.03959451401311866,332
475,,37.21246993986916,37.2288975079953,91.65667170455016,0.5807900428771973,0.6706551909446716,338,5.2,0.040310077519379844,338
476,,22.170588605549327,22.18255916764733,38.308678969024555,0.5945889353752136,0.5539897084236145,385,5.923076923076923,0.045915324985092425,385
477,,21.05231994370772,20.99277593001806,43.09272776498098,0.5873605012893677,0.38687947392463684,362,5.569230769230769,0.04317233154442457,362
478,,24.705136101736787,24.705475752517923,55.004959081775525,0.7393525838851929,0.756477415561676,325,5.0,0.03875968992248062,325
479,,35.837662541110625,35.78798762327815,112.69258047957389,0.6657319664955139,0.7507821917533875,296,4.553846153846154,0.03530113297555158,296
480,,40.6314566276836,40.64397925324908,101.21214012086169,0.7476631999015808,0.5130784511566162,347,5.338461538461538,0.04138342277877161,347
481,,24.143520577279492,24.113732438164728,33.43248479612755,0.5562892556190491,0.53937828540802,414,6.369230769230769,0.04937388193202147,414
482,,19.056009830978585,19.083236364299626,28.57694637046732,0.7147365212440491,0.48599448800086975,380,5.846153846153846,0.04531902206320811,380
483,,41.00199719269694,40.979747714357636,98.82139986920488,0.742919921875,0.789776623249054,328,5.046153846153846,0.039117471675611214,328
484,,22.0278299787111,22.059782287776134,22.89989835162217,0.765649139881134,0.5237240791320801,368,5.661538461538462,0.04388789505068575,368
485,,40.94851545651635,40.95178414836504,70.73841223137404,0.719143807888031,0.7236781120300293,292,4.492307692307692,0.034824090638044126,292
486,,28.834015692125234,28.82891958295565,35.85928509340056,0.48875734210014343,0.7014998197555542,334,5.138461538461539,0.03983303518187239,334
487,,25.02201472692651,24.93546866770116,61.25435057940695,0.6319084167480469,0.6837297677993774,331,5.092307692307692,0.0394752534287418,331
488,,25.08184132235133,25.067177468315936,38.74106147390352,0.6294854879379272,0.5946704149246216,343,5.276923076923077,0.04090638044126416,343
489,,19.664109011244822,19.67174769815434,51.12254704637883,0.5618893504142761,0.5410254597663879,403,6.2,0.04806201550387597,403
490,,45.645225626259666,45.628443968007296,113.44396578567954,0.7334166169166565,0.6779841780662537,303,4.661538461538462,0.036135957066189626,303
491,,24.276960199329267,24.257392552602997,63.772928210768264,0.6567093133926392,0.6678561568260193,327,5.030769230769231,0.038998211091234344,327
492,,25.624242758214166,25.615288706931608,36.13473437947036,0.6221144199371338,0.6635119915008545,325,5.0,0.03875968992248062,325
493,,23.266189751186943,23.22479607796793,19.798053038530217,0.5321200489997864,0.6771458387374878,359,5.523076923076923,0.042814549791293975,359
494,,21.9135083273584,21.90132318553582,44.317664585236315,0.5923033952713013,0.5438463687896729,369,5.676923076923077,0.04400715563506261,369
495,,23.643114792722766,23.60480200291805,73.31574195915985,0.7297807335853577,0.542915403842926,320,4.923076923076923,0.0381633870005963,320
496,,31.028684266300846,30.99374517878533,60.98699717288877,0.641758143901825,0.7291238903999329,297,4.569230769230769,0.035420393559928445,297
497,,20.92133901815207,20.95794878875012,40.97000542816836,0.6818593144416809,0.6059642434120178,383,5.892307692307693,0.0456768038163387,383
498,,48.564559198921366,48.548231054933595,123.39154022076843,0.681289553642273,0.7371000647544861,293,4.507692307692308,0.03494335122242099,293
499,,30.67000869646695,30.632556178100394,53.30643540398251,0.6316679120063782,0.5919101238250732,355,5.461538461538462,0.042337507453786526,355
500,,25.733930268815847,25.745476056720722,40.522736176982775,0.7669974565505981,0.7334787845611572,341,5.246153846153846,0.04066785927251044,340
501,,30.802141471245935,30.805163861070245,56.050572267021934,0.7500990629196167,0.7370638847351074,304,4.676923076923077,0.03625521765056649,304
502,,29.51981922579193,29.507160418449427,24.470870194728327,0.3975830376148224,0.7210751175880432,349,5.369230769230769,0.041621943947525344,349
503,,27.39467456958156,27.354441634524832,50.44265713100574,0.5743491053581238,0.624003529548645,346,5.323076923076923,0.04126416219439475,346
504,,31.708220797476056,31.713610476673974,53.36182653902731,0.49480336904525757,0.6471457481384277,357,5.492307692307692,0.04257602862254025,357
505,,51.21440432974055,51.20510554238697,124.53493175937962,0.7815619111061096,0.7415492534637451,328,5.046153846153846,0.039117471675611214,328
506,,30.41459077368692,30.414640956364646,85.48537492902034,0.7321308851242065,0.4254815876483917,320,4.923076923076923,0.0381633870005963,320
507,,22.915411344571876,22.87701524459272,27.460001234717602,0.6060208082199097,0.4556616544723511,346,5.323076923076923,0.04126416219439475,346
508,,30.809603766860842,30.764042285477032,96.57255232801559,0.5413731932640076,0.44823500514030457,355,5.461538461538462,0.042337507453786526,355
509,,33.39060758673591,33.2945291053532,75.156697524817,0.7123909592628479,0.5148211121559143,383,5.892307692307693,0.0456768038163387,383
510,,20.658145379203443,20.663583488385765,66.87603154971458,0.48457565903663635,0.5704482197761536,390,6.0,0.046511627906976744,390
511,,25.115632129794946,25.03017341407032,52.74148173934383,0.5580227375030518,0.5272613763809204,345,5.3076923076923075,0.04114490161001789,345
512,,34.30555918324825,34.31662393888611,57.08314984485415,0.5153264403343201,0.273794949054718,356,5.476923076923077,0.04245676803816339,356
513,,23.324492460044855,23.316966058613126,62.22168752773681,0.633757472038269,0.4889526665210724,354,5.446153846153846,0.04221824686940966,354
514,,20.670157328537474,20.668711214036456,38.377964741452054,0.31514108180999756,0.42172107100486755,428,6.584615384615384,0.051043530113297556,428
515,,22.220267425456065,22.240361282537,50.04052705971098,0.6412114500999451,0.5935632586479187,383,5.892307692307693,0.0456768038163387,383
516,,47.36201141227272,47.29362460982429,141.75664154986686,0.7720388174057007,0.6706422567367554,284,4.369230769230769,0.03387000596302922,284
517,,42.177938937749055,42.0651069953224,135.87080628664324,0.5047504901885986,0.7389758229255676,364,5.6,0.043410852713178294,364
518,,22.34125480246893,22.332556539649765,75.3679903433918,0.677086353302002,0.5550405979156494,384,5.907692307692308,0.04579606440071556,384
519,,20.77953532198829,20.799662015418733,31.36982626756284,0.527345597743988,0.6449018120765686,379,5.8307692307692305,0.045199761478831244,379
520,,35.522984232971986,35.51138322875883,65.91892109157583,0.4473337233066559,0.6425009369850159,319,4.907692307692308,0.03804412641621944,319
521,,19.88945647741708,19.859660517701478,38.8412819650145,0.6908871531486511,0.5559026598930359,337,5.184615384615385,0.04019081693500298,337
522,,23.16213064626006,23.180200702474846,22.322104204880894,0.6857128739356995,0.5220739841461182,336,5.1692307692307695,0.04007155635062612,336
523,,23.67576188638096,23.679853250827037,32.36512179133488,0.7214509844779968,0.38047635555267334,381,5.861538461538461,0.045438282647584975,381
524,,23.908672573245916,23.971451757056844,38.436901731706044,0.6990179419517517,0.6827165484428406,364,5.6,0.043410852713178294,364
525,,25.515498351763448,25.5049377318731,44.267894347026605,0.6669736504554749,0.6803905367851257,367,5.6461538461538465,0.04376863446630889,367
526,,29.47291792834473,29.49609312849838,56.39338198184839,0.6801745891571045,0.5144683718681335,336,5.1692307692307695,0.04007155635062612,336
527,,28.152348396010503,28.054365820609014,95.493566412455,0.6634717583656311,0.6338992118835449,344,5.292307692307692,0.041025641025641026,344
528,,21.48958948413616,21.491103013109626,19.761762920436563,0.547299325466156,0.395207017660141,405,6.230769230769231,0.04830053667262969,405
529,,23.887939156033614,23.888291305919925,42.41862069144212,0.719386637210846,0.4949396848678589,364,5.6,0.043410852713178294,364
530,,21.342726782302275,21.35139552720289,18.069233386843248,0.5554912090301514,0.5802920460700989,364,5.6,0.043410852713178294,364
531,,23.728400193908712,23.725547731095045,55.996600559202356,0.519129753112793,0.6461829543113708,351,5.4,0.04186046511627907,351
532,,22.200585399024487,22.14825316918769,38.966977598349594,0.5247803330421448,0.43881872296333313,374,5.753846153846154,0.04460345855694693,374
533,,26.425475933400893,26.45084865937102,19.456690495500634,0.5834479928016663,0.529257595539093,345,5.3076923076923075,0.04114490161001789,345
534,,38.00656049765378,37.93045177745788,86.40043196298785,0.7207455039024353,0.5990816354751587,334,5.138461538461539,0.03983303518187239,334
535,,21.02337529185744,20.980179771221678,72.87741184672275,0.5139322280883789,0.4733898639678955,394,6.061538461538461,0.0469886702444842,394
536,,33.80010368640837,33.77481502683828,98.82702652295006,0.5901686549186707,0.5673123002052307,326,5.015384615384615,0.03887895050685748,326
537,,25.059242076795186,25.038713752776836,46.405726505731124,0.6719478368759155,0.7440531253814697,345,5.3076923076923075,0.04114490161001789,345
538,,34.160571989277656,34.143132980524435,84.9508246404892,0.6235261559486389,0.5722870826721191,331,5.092307692307692,0.0394752534287418,331
539,,41.03213014392676,41.01900611686346,89.9275289860519,0.676972508430481,0.7946248054504395,296,4.553846153846154,0.03530113297555158,296
540,,36.03099333831987,36.01978659190256,82.34550053521372,0.6224486231803894,0.5321783423423767,347,5.338461538461538,0.04138342277877161,347
541,,23.679497471400698,23.615248773196775,73.8031814781997,0.6554195284843445,0.6361892223358154,359,5.523076923076923,0.042814549791293975,359
542,,40.61335444788337,40.6683526576404,94.53542138673606,0.6696445345878601,0.3632306158542633,350,5.384615384615385,0.04174120453190221,350
543,,22.196109961568727,22.251858175746772,33.320119196614705,0.5957382917404175,0.28110313415527344,364,5.6,0.043410852713178294,364
544,,26.407570169286373,26.393815208408558,57.10556303055627,0.6642877459526062,0.5935964584350586,340,5.230769230769231,0.04054859868813357,340
545,,23.42969307357259,23.384749894370458,57.46282902225782,0.4981885254383087,0.5217108130455017,366,5.630769230769231,0.04364937388193202,366
546,,26.064403729959295,26.058745567467348,34.778444151740445,0.6092448234558105,0.46985939145088196,349,5.369230769230769,0.041621943947525344,349
547,,23.71146399258338,23.716367549321596,59.34807368584078,0.3668358623981476,0.4638862609863281,410,6.3076923076923075,0.04889683959451401,410
548,,26.208006273264843,26.203315098919767,41.39624145813666,0.7706753015518188,0.5725564360618591,350,5.384615384615385,0.04174120453190221,350
549,,23.604046542934622,23.6076871266045,55.87001797462776,0.7122669219970703,0.5009952783584595,356,5.476923076923077,0.04245676803816339,356
550,,38.059265097177125,38.044420618654144,93.30602361606184,0.3261685371398926,0.5875863432884216,335,5.153846153846154,0.03995229576624926,335
551,,26.24565587845072,26.24577965906075,44.90778777320546,0.700044572353363,0.6573002338409424,339,5.2153846153846155,0.04042933810375671,339
552,,35.17349427018846,35.178039302413424,82.21644861120859,0.5358414053916931,0.7482322454452515,329,5.061538461538461,0.039236732259988076,329
553,,26.92405210146949,26.910912549760706,100.0952351724459,0.6307071447372437,0.66648930311203,356,5.476923076923077,0.04245676803816339,356
554,,23.236144876260788,23.255596100573197,21.680407758627265,0.5584892630577087,0.7178676724433899,328,5.046153846153846,0.039117471675611214,328
555,,31.242087680862205,31.260410028618356,17.505786394093555,0.7565760016441345,0.5306163430213928,374,5.753846153846154,0.04460345855694693,374
556,,27.27310190274904,27.235011506562714,74.19492240817225,0.8037327527999878,0.725790798664093,332,5.107692307692307,0.03959451401311866,332
557,,49.834574662214706,49.81175615713604,139.35235055550967,0.7620485424995422,0.734860897064209,279,4.292307692307692,0.0332737030411449,279
558,,25.954847453026726,25.93113900371823,44.21582866193436,0.5131899118423462,0.5429873466491699,353,5.430769230769231,0.042098986285032794,353
559,,33.67979671006513,33.68493012348524,75.13722084828211,0.36448392271995544,0.7613123655319214,331,5.092307692307692,0.0394752534287418,331
560,,31.90137338834009,31.95156627107854,34.963982698784115,0.5413141846656799,0.6768515110015869,362,5.569230769230769,0.04317233154442457,362
561,,43.91070236842799,43.89774686508183,125.68665100543862,0.5395069122314453,0.6251153349876404,348,5.3538461538461535,0.04150268336314848,348
562,,35.46804119832273,35.49583565646469,106.829907866139,0.5240363478660583,0.7292400002479553,327,5.030769230769231,0.038998211091234344,327
563,,20.699493021426896,20.68391204536313,19.340097713599963,0.7639126181602478,0.711313784122467,327,5.030769230769231,0.038998211091234344,327
564,,23.38010329868879,23.39097320513119,22.307927960469137,0.695188581943512,0.5172707438468933,375,5.769230769230769,0.044722719141323794,375
565,,32.22997853958675,32.275352376416514,71.35902111075669,0.6141490936279297,0.583148717880249,336,5.1692307692307695,0.04007155635062612,336
566,,28.24080348800165,28.241317655418317,71.45624889448665,0.7774444818496704,0.7560929656028748,325,5.0,0.03875968992248062,325
567,,45.12997733956005,45.027202040660455,146.2665094470517,0.6870537996292114,0.7393047213554382,308,4.7384615384615385,0.03673225998807394,308
568,,26.30992557486548,26.340059473890197,50.88175112445236,0.529303252696991,0.7124091982841492,360,5.538461538461538,0.04293381037567084,360
569,,25.284522025862817,25.245679961253295,31.46743805690121,0.7286797165870667,0.6679012179374695,312,4.8,0.037209302325581395,312
570,,21.90593910428638,21.925222799901167,27.01496728199699,0.48350244760513306,0.41740739345550537,380,5.846153846153846,0.04531902206320811,379
571,,36.35194579493244,36.37686323799643,79.55689680028519,0.6433679461479187,0.4826236963272095,326,5.015384615384615,0.03887895050685748,326
572,,36.47291434332282,36.35523920432941,97.5610045286193,0.7238485217094421,0.7111983895301819,327,5.030769230769231,0.038998211091234344,327
573,,21.98064309112976,21.984840591682385,37.81566556914124,0.5757719278335571,0.46157824993133545,399,6.138461538461539,0.04758497316636851,399
574,,24.712312844466155,24.707997676863048,35.3983535334345,0.517038106918335,0.6117810606956482,375,5.769230769230769,0.044722719141323794,375
575,,29.15493138250116,29.147266381930788,56.91286440626699,0.3916674554347992,0.7169807553291321,361,5.553846153846154,0.04305307096004771,361
576,,25.668720712609606,25.61567916679814,33.0304083036631,0.7146753072738647,0.2693941593170166,361,5.553846153846154,0.04305307096004771,361
577,,23.183965325319797,23.22836205702208,28.195329988624078,0.6972427368164062,0.5936836004257202,348,5.3538461538461535,0.04150268336314848,348
578,,45.59761797232068,45.552287381187426,109.54296020824293,0.6194840669631958,0.7386728525161743,319,4.907692307692308,0.03804412641621944,319
579,,20.873084539934844,20.897873706741212,27.94686574718399,0.34719735383987427,0.6412849426269531,397,6.107692307692307,0.04734645199761479,397
580,,27.227195719891334,27.25589610008992,52.70692128862171,0.6370800733566284,0.6594991087913513,328,5.046153846153846,0.039117471675611214,328
581,,19.880539289531253,19.841098645985188,24.89274769470284,0.4946267604827881,0.4243434965610504,383,5.892307692307693,0.0456768038163387,383
582,,28.006070013407648,28.017766510111095,36.471277418733024,0.7288590669631958,0.6415444612503052,325,5.0,0.03875968992248062,325
583,,29.358675655441218,29.373651853101624,60.89835081951205,0.6831956505775452,0.4881555736064911,393,6.046153846153846,0.04686940966010734,393
584,,22.484324466201528,22.511496134689637,56.96950799288217,0.5686405897140503,0.6816362142562866,387,5.953846153846154,0.046153846153846156,387
585,,19.558801671928368,19.54790050468078,28.290309201908602,0.6589572429656982,0.6423308253288269,349,5.369230769230769,0.041621943947525344,349
586,,21.61079679199693,21.626033373158158,48.620556591902535,0.7622305154800415,0.494740754365921,326,5.015384615384615,0.03887895050685748,326
587,,31.78104479837999,31.788403314777366,46.530528682538616,0.5067124962806702,0.704977810382843,329,5.061538461538461,0.039236732259988076,329
588,,28.05368671270476,28.039123307678867,55.565124137358524,0.688418447971344,0.6043530106544495,293,4.507692307692308,0.03494335122242099,293
589,,35.87572020102151,35.793294689080376,46.99936921707095,0.7168532013893127,0.7353581190109253,295,4.538461538461538,0.035181872391174714,295
590,,24.6476110733305,24.663123788280195,43.84047267185333,0.6617465019226074,0.33808955550193787,344,5.292307692307692,0.041025641025641026,344
591,,26.494846980469152,26.551013739839703,30.10171774219513,0.6959755420684814,0.6547110676765442,311,4.7846153846153845,0.03709004174120453,311
592,,24.009173676076827,24.052589501327812,9.702092436674521,0.5252118110656738,0.6962961554527283,355,5.461538461538462,0.042337507453786526,355
593,,29.02348154179768,28.971756526111648,77.71318593335486,0.8001173138618469,0.472761332988739,342,5.2615384615384615,0.0407871198568873,341
594,,20.10812975509697,20.066202031532516,30.841976813099585,0.6497300267219543,0.5213155150413513,428,6.584615384615384,0.051043530113297556,428
595,,34.64667931877249,34.532325267341925,83.7920870136054,0.7314280271530151,0.4655485153198242,341,5.246153846153846,0.04066785927251044,341
596,,18.247332977984097,18.239934197012,45.3132250288207,0.664476215839386,0.3485266864299774,393,6.046153846153846,0.04686940966010734,393
597,,30.180694365682502,30.18206913492623,33.919866280726296,0.6012132167816162,0.629490315914154,347,5.338461538461538,0.04138342277877161,347
598,,23.951435439256255,23.969606192017544,45.70520637627525,0.6470097899436951,0.45679575204849243,379,5.8307692307692305,0.045199761478831244,379
599,,23.075114389964774,23.117333026153876,35.611277041122214,0.6411492824554443,0.5631105899810791,342,5.2615384615384615,0.0407871198568873,342
600,,22.69620085758711,22.66031839867115,50.99786911093177,0.6583226323127747,0.591552197933197,356,5.476923076923077,0.04245676803816339,356
601,,22.876807475676145,22.863445571828272,81.25094880100448,0.6195248365402222,0.2754983901977539,399,6.138461538461539,0.04758497316636851,399
602,,30.659140375136477,30.687978571556705,71.60022618145608,0.4917830526828766,0.6853535771369934,353,5.430769230769231,0.042098986285032794,353
603,,31.32207843425415,31.279405646920786,26.83924261150491,0.5561050176620483,0.6574643850326538,329,5.061538461538461,0.039236732259988076,329
604,,33.79028947701352,33.76416043703159,46.819126956913436,0.7900910377502441,0.6262958645820618,300,4.615384615384615,0.03577817531305903,300
605,,21.291552110258884,21.318152962656235,32.430470493293654,0.4626340866088867,0.6126438975334167,351,5.4,0.04186046511627907,351
606,,39.32326617005829,39.26969702876646,105.346078179405,0.7890870571136475,0.4991292357444763,302,4.6461538461538465,0.036016696481812764,302
607,,32.29975813012768,32.23618778873072,72.80646369197554,0.7633453607559204,0.5276011824607849,341,5.246153846153846,0.04066785927251044,341
608,,26.767589326613457,26.718001024690423,32.06717772367627,0.7675057649612427,0.5828381180763245,349,5.369230769230769,0.041621943947525344,349
609,,29.47432282989467,29.43281069251881,78.5845431305616,0.7269420027732849,0.5336282253265381,352,5.415384615384616,0.04197972570065593,352
610,,20.004193534964486,20.001227830556882,25.013917117602446,0.6037465333938599,0.740538477897644,389,5.984615384615385,0.04639236732259988,389
611,,21.011259651678355,20.969165875240837,18.48480264870337,0.5225983262062073,0.5756770372390747,357,5.492307692307692,0.04257602862254025,357
612,,23.854625574436582,23.857472475389958,40.28589207070278,0.5034863352775574,0.6731469631195068,364,5.6,0.043410852713178294,364
613,,36.850018658840426,36.840612116537,60.592676257879596,0.7437829971313477,0.7155342102050781,287,4.415384615384616,0.03422778771615981,287
614,,19.039895744514016,19.023098754249965,49.01425107065959,0.1615159660577774,0.7156910300254822,400,6.153846153846154,0.04770423375074538,400
615,,35.55948268771678,35.57504326139682,99.07599152638052,0.5044751167297363,0.6720251441001892,320,4.923076923076923,0.0381633870005963,320
616,,28.31934452020575,28.31608231258842,52.59050301252018,0.5907416343688965,0.404798299074173,346,5.323076923076923,0.04126416219439475,346
617,,22.91659788286478,22.860951663387073,31.286177440367158,0.5022300481796265,0.5615972876548767,347,5.338461538461538,0.04138342277877161,347
618,,26.51798599100743,26.49095735076295,36.32357115819239,0.7701276540756226,0.5736191272735596,340,5.230769230769231,0.04054859868813357,340
619,,20.456210229701547,20.454397915111414,49.544770669246205,0.4533512592315674,0.6369770169258118,401,6.1692307692307695,0.047823494335122244,401
620,,21.803828262911495,21.838233682571076,31.203313767671805,0.7832998633384705,0.611930787563324,354,5.446153846153846,0.04221824686940966,354
621,,26.66168332383985,26.657038614699857,48.663651500854456,0.7537477612495422,0.5410560965538025,332,5.107692307692307,0.03959451401311866,332
622,,22.834975178230497,22.87644571045705,30.313622082563164,0.7106595039367676,0.6596002578735352,337,5.184615384615385,0.04019081693500298,337
623,,25.596860286466786,25.644841985600184,68.1941715240982,0.7299535274505615,0.5989183187484741,356,5.476923076923077,0.04245676803816339,356
624,,24.10344138118856,24.07041218939396,55.030874740400165,0.44085752964019775,0.7452927827835083,346,5.323076923076923,0.04126416219439475,346
625,,26.630459720904994,26.624858001841794,39.61475947516465,0.6472998261451721,0.6673623323440552,350,5.384615384615385,0.04174120453190221,350
626,,20.46510931165093,20.433238580596484,44.58018809234572,0.5836115479469299,0.706947386264801,370,5.6923076923076925,0.044126416219439475,370
627,,28.54847972747802,28.536176297195823,32.67420461883925,0.5702446103096008,0.5863783359527588,338,5.2,0.040310077519379844,338
628,,21.78340235863264,21.804708470761327,40.35536657781777,0.7644461393356323,0.6124698519706726,389,5.984615384615385,0.04639236732259988,389
629,,33.98855192171302,33.95073190081115,100.147652364168,0.5014614462852478,0.7052344679832458,374,5.753846153846154,0.04460345855694693,374
630,,22.714941658857978,22.715307637461542,19.425413480346013,0.7071520686149597,0.580502986907959,369,5.676923076923077,0.04400715563506261,369
631,,18.268299186609962,18.235283142465665,39.9901344239398,0.6561347246170044,0.5616311430931091,417,6.415384615384616,0.049731663685152055,417
632,,35.962771359228796,35.96745056975061,106.96176224259167,0.706597089767456,0.7572804093360901,304,4.676923076923077,0.03625521765056649,304
633,,20.263766725517126,20.301304446170544,28.728965398177202,0.5119975805282593,0.7660388350486755,371,5.707692307692308,0.04424567680381634,371
634,,24.151895844768692,24.171108623156975,34.918447240777645,0.6895622611045837,0.7076342701911926,345,5.3076923076923075,0.04114490161001789,345
635,,35.261871423892494,35.17757321664514,63.361516467832615,0.6054735779762268,0.493921160697937,331,5.092307692307692,0.0394752534287418,331
636,,24.892305745644865,24.863203502784682,26.219425652148555,0.7280550599098206,0.6940993666648865,341,5.246153846153846,0.04066785927251044,341
637,,28.561447814022113,28.462268632462553,77.47464530005311,0.48140427470207214,0.46021202206611633,392,6.030769230769231,0.04675014907573047,392
638,,21.6656704661854,21.59968665716074,32.28677879289397,0.563454806804657,0.6994316577911377,336,5.1692307692307695,0.04007155635062612,336
639,,29.251905181620188,29.267206074421985,30.41124998928536,0.6810442805290222,0.6014741659164429,328,5.046153846153846,0.039117471675611214,327
640,,25.590753125090572,25.614063357170625,41.41766898844504,0.6370015144348145,0.4712311625480652,328,5.046153846153846,0.039117471675611214,328
641,,34.787848981800295,34.82175616757212,43.58128869520367,0.7838144898414612,0.6679721474647522,314,4.8307692307692305,0.03744782349433512,314
642,,19.986057649038926,20.01320597683462,25.9126888915785,0.6576389670372009,0.5895000696182251,377,5.8,0.04496124031007752,377
643,,27.956191800480692,27.985657520788184,33.40966027541364,0.5691820979118347,0.5904576182365417,347,5.338461538461538,0.04138342277877161,347
644,,48.74050472116717,48.67172086869182,149.96354729341797,0.6201116442680359,0.7441856265068054,324,4.984615384615385,0.03864042933810376,324
645,,20.38576096982279,20.403264846246504,25.112175717724323,0.49311259388923645,0.4713546633720398,369,5.676923076923077,0.04400715563506261,369
646,,21.029788679299926,21.03552728106919,42.446016303672366,0.5816025137901306,0.7247940301895142,380,5.846153846153846,0.04531902206320811,380
647,,40.30503479769167,40.29922609191828,100.65881926221266,0.5437673926353455,0.6649800539016724,330,5.076923076923077,0.03935599284436494,330
648,,23.561566319163216,23.557889012845937,44.07111101554539,0.7179190516471863,0.46049734950065613,365,5.615384615384615,0.043530113297555156,365
649,,24.665058282727475,24.666357222757537,81.43673178541667,0.6386094093322754,0.5546076893806458,386,5.938461538461539,0.04603458556946929,386
650,,36.86193312091634,36.898841993816966,76.32658787217049,0.7203699946403503,0.7529636025428772,330,5.076923076923077,0.03935599284436494,330
651,,20.048200622813447,20.046547385213536,21.42762820267524,0.3703555464744568,0.6422436833381653,385,5.923076923076923,0.045915324985092425,385
652,,21.99760213755286,21.955224287459785,37.02822980054856,0.35431256890296936,0.510161280632019,352,5.415384615384616,0.04197972570065593,352
653,,23.511919528315765,23.508166236602577,21.055670828240416,0.5658653378486633,0.6123409867286682,331,5.092307692307692,0.0394752534287418,331
654,,23.620635645207923,23.572734175129376,11.366827852549244,0.7605035901069641,0.40236014127731323,359,5.523076923076923,0.042814549791293975,359
655,,24.826839060463307,24.849154020139455,33.953005058612305,0.6317230463027954,0.5861242413520813,329,5.061538461538461,0.039236732259988076,329
656,,20.068406741907797,20.08040335727892,33.08835135179759,0.5856403112411499,0.6885225772857666,369,5.676923076923077,0.04400715563506261,369
657,,39.123937586173795,39.17243104456745,84.69398168717305,0.6827476024627686,0.6588729023933411,328,5.046153846153846,0.039117471675611214,328
658,,38.60264916061853,38.54464842787516,117.52726984643262,0.7043924331665039,0.6797807216644287,299,4.6,0.03565891472868217,299
659,,21.77529458472768,21.753394077716788,45.53507447522009,0.676079511642456,0.546177089214325,331,5.092307692307692,0.0394752534287418,331
660,,23.03877626808857,23.0320002516948,35.32345358523983,0.49009156227111816,0.6982869505882263,350,5.384615384615385,0.04174120453190221,350
661,,32.56889295238734,32.43746522602893,111.90361730335609,0.7171158194541931,0.7782796025276184,339,5.2153846153846155,0.04042933810375671,339
662,,25.825803389525408,25.836238029029918,30.93143191080623,0.5992026329040527,0.6200312972068787,344,5.292307692307692,0.041025641025641026,344
663,,30.468479052173645,30.42389042115926,32.926707006209305,0.5863412022590637,0.5388602018356323,320,4.923076923076923,0.0381633870005963,320
664,,26.8680266480985,26.83507269140387,90.17990999172763,0.7088801264762878,0.6487712860107422,312,4.8,0.037209302325581395,312
665,,34.65491986771561,34.67554633308444,66.59728227350249,0.7015529870986938,0.7080286741256714,309,4.753846153846154,0.03685152057245081,309
666,,18.23312468924223,18.222367081220792,25.958884643536752,0.5496163964271545,0.5990269780158997,404,6.2153846153846155,0.04818127608825283,404
667,,20.2933967593396,20.300621128113963,29.206435156387275,0.4701541066169739,0.6747432947158813,367,5.6461538461538465,0.04376863446630889,367
668,,24.176516148528766,24.228104293417555,37.8971606118073,0.7065749764442444,0.5686058402061462,332,5.107692307692307,0.03959451401311866,332
669,,27.268948250682058,27.26246070783824,54.81611189560367,0.511826753616333,0.49081316590309143,322,4.953846153846154,0.03840190816935003,322
670,,20.11858285263838,20.070424516726177,48.834089987098736,0.3802335560321808,0.5835800766944885,381,5.861538461538461,0.045438282647584975,381
671,,21.177603070724988,21.169691869484872,22.647080385424335,0.3547971844673157,0.4275077283382416,402,6.184615384615385,0.047942754919499106,402
672,,30.739628126967755,30.74360275359151,52.73274986049093,0.6035870313644409,0.5174112915992737,325,5.0,0.03875968992248062,325
673,,17.927520571540274,17.930892094512576,28.64582474748812,0.4829699397087097,0.44730737805366516,413,6.3538461538461535,0.049254621347644606,413
674,,24.431154460386907,24.427823164672116,35.33730852391705,0.7017450332641602,0.6167393326759338,335,5.153846153846154,0.03995229576624926,335
675,,28.864426802367735,28.880308901015848,46.09158435094138,0.609280526638031,0.5636692643165588,364,5.6,0.043410852713178294,364
676,,40.94357495101194,40.88853479321967,99.10662115765581,0.7976446151733398,0.666910707950592,302,4.6461538461538465,0.036016696481812764,302
677,,24.74559604837276,24.742525768573053,48.14403220016375,0.5744762420654297,0.7081356048583984,363,5.584615384615384,0.04329159212880143,363
678,,22.427187091906323,22.421035406699467,15.107647728191687,0.40805497765541077,0.3846781551837921,370,5.6923076923076925,0.044126416219439475,370
679,,28.01254728904463,27.96806059727893,50.655109184102955,0.6840194463729858,0.5159119367599487,371,5.707692307692308,0.04424567680381634,371
680,,37.835041428161944,37.828319436802076,62.671392344742245,0.5867287516593933,0.7226963639259338,322,4.953846153846154,0.03840190816935003,322
681,,24.370741160632555,24.367272680979468,14.744834223544224,0.582330584526062,0.7030859589576721,318,4.892307692307693,0.037924865831842576,318
682,,25.324402337964244,25.329436193532366,38.205790212574925,0.49823957681655884,0.6965336799621582,317,4.876923076923077,0.037805605247465714,317
683,,22.550018431295037,22.50135172641234,35.31701060729277,0.5741222500801086,0.6407729983329773,349,5.369230769230769,0.041621943947525344,349
684,,25.975227167310834,25.984644234645952,38.499285888373564,0.6364974975585938,0.6450666785240173,327,5.030769230769231,0.038998211091234344,327
685,,22.556197794948268,22.579038354589713,20.416261174513885,0.46546947956085205,0.6872566938400269,424,6.523076923076923,0.0505664877757901,424
686,,25.365649868634403,25.433377697501047,54.49560639635926,0.760351836681366,0.6048937439918518,352,5.415384615384616,0.04197972570065593,352
687,,22.53125101101003,22.531998495109285,62.549254709056044,0.657645046710968,0.6198738217353821,357,5.492307692307692,0.04257602862254025,356
688,,25.896791350292396,25.84849218485321,59.86275112129723,0.7877128720283508,0.5659456849098206,311,4.7846153846153845,0.03709004174120453,311
689,,30.12253932350213,30.166608439854606,42.90994210689485,0.7323819398880005,0.7266002893447876,306,4.707692307692308,0.036493738819320214,306
690,,26.455434356861993,26.495803374531572,63.14060936716291,0.6729057431221008,0.6912717819213867,326,5.015384615384615,0.03887895050685748,326
691,,21.805306107660012,21.826872378587755,61.395798179477985,0.3260824978351593,0.589230477809906,376,5.7846153846153845,0.044841979725700656,376
692,,48.43988948484317,48.435523369584416,95.05898645685173,0.7656710743904114,0.7784899473190308,293,4.507692307692308,0.03494335122242099,293
693,,36.4006014628988,36.40007375640939,72.89439836336032,0.6187847852706909,0.7465890049934387,311,4.7846153846153845,0.03709004174120453,311
694,,33.829374784317096,33.76332477624563,71.39147361376989,0.618995726108551,0.659619152545929,344,5.292307692307692,0.041025641025641026,344
695,,35.76893409302505,35.67708773938426,98.6762657904531,0.7913018465042114,0.6166245341300964,303,4.661538461538462,0.036135957066189626,303
696,,28.508261768997315,28.515125207820656,59.32249640738148,0.48060065507888794,0.6089746356010437,339,5.2153846153846155,0.04042933810375671,339
697,,41.338740814938944,41.24428638989554,143.4018841702074,0.5863698720932007,0.7727726697921753,295,4.538461538461538,0.035181872391174714,295
698,,36.88324301514741,36.83035861876221,62.21324835150615,0.5878306031227112,0.7502701878547668,340,5.230769230769231,0.04054859868813357,340
699,,28.758691124792513,28.800746459122333,20.08726854836854,0.604732096195221,0.6350688934326172,331,5.092307692307692,0.0394752534287418,331
700,,22.422052834946005,22.42389954783138,25.916607462944835,0.5544468760490417,0.6401165723800659,384,5.907692307692308,0.04579606440071556,384
701,,39.21138681749282,39.065092666894074,147.37679131080483,0.6293231248855591,0.738646924495697,323,4.969230769230769,0.038521168753726895,323
702,,27.089908776905858,27.111776228397787,56.331816635356894,0.7270380854606628,0.590792715549469,319,4.907692307692308,0.03804412641621944,319
703,,39.44876362832701,39.3881329806969,129.46908208992122,0.6536198258399963,0.7412605285644531,304,4.676923076923077,0.03625521765056649,304
704,,22.621323602203777,22.634397758589117,36.91062329448654,0.7046488523483276,0.5512386560440063,354,5.446153846153846,0.04221824686940966,354
705,,22.606084474031412,22.634989426480413,39.23071333462402,0.5251262784004211,0.6906206607818604,329,5.061538461538461,0.039236732259988076,329
706,,30.520582367473615,30.528531623748854,51.94640265439005,0.6574305295944214,0.5939614176750183,295,4.538461538461538,0.035181872391174714,295
707,,18.728851566525194,18.66425373120056,47.863982768667675,0.4422081410884857,0.5114801526069641,420,6.461538461538462,0.05008944543828265,420
708,,24.121301570133667,24.131952349593963,40.25109112600931,0.6490821242332458,0.5753453969955444,363,5.584615384615384,0.04329159212880143,363
709,,25.00359285806837,24.997431059288257,30.27823694778556,0.7483721971511841,0.4406414031982422,369,5.676923076923077,0.04400715563506261,369
710,,34.92801971112201,34.92192194581263,95.83156729903807,0.5837478637695312,0.7747998237609863,332,5.107692307692307,0.03959451401311866,332
711,,29.11226797591303,29.163483309197794,60.073573725016,0.6215155720710754,0.7380073666572571,302,4.6461538461538465,0.036016696481812764,302
712,,20.96189615776979,20.86948595169162,77.15047155975532,0.5441554188728333,0.4986938536167145,388,5.969230769230769,0.04627310673822302,388
713,,31.666911229232127,31.64468820442266,87.6393217820974,0.633680522441864,0.4831085503101349,323,4.969230769230769,0.038521168753726895,323
714,,20.166480946520178,20.14868052242749,35.695368558368855,0.6874417066574097,0.48999935388565063,359,5.523076923076923,0.042814549791293975,359
715,,18.40865222575508,18.431561132033455,17.98761136631306,0.49571293592453003,0.6931205987930298,414,6.369230769230769,0.04937388193202147,414
716,,25.496644415069294,25.494137424757476,43.57280815082445,0.7354984879493713,0.5394542813301086,318,4.892307692307693,0.037924865831842576,318
717,,37.537686451062896,37.44134894676348,120.66825987299187,0.6321153044700623,0.7512176632881165,318,4.892307692307693,0.037924865831842576,318
718,,45.99024708728247,45.86795320861274,139.6015615368058,0.7579367756843567,0.7066986560821533,305,4.6923076923076925,0.03637447823494335,305
719,,24.290136927816796,24.331871845970603,50.50883394226516,0.4255945384502411,0.58848637342453,366,5.630769230769231,0.04364937388193202,366
720,,22.97262459874235,22.984265489457677,32.5589668713178,0.4866282641887665,0.6457504630088806,373,5.7384615384615385,0.04448419797257006,373
721,,27.82657888259716,27.788453367157153,96.7384737638506,0.4991303086280823,0.4646323621273041,353,5.430769230769231,0.042098986285032794,353
722,,37.454197605321454,37.49578822329648,57.491620404361896,0.7103171944618225,0.5801795721054077,316,4.861538461538461,0.03768634466308885,316
723,,23.886870469520623,23.83992565868228,19.5159234258534,0.6901153326034546,0.4303562045097351,396,6.092307692307692,0.047227191413237925,396
724,,37.618502093706034,37.635969896777205,84.47511046529394,0.7319313883781433,0.6852365732192993,327,5.030769230769231,0.038998211091234344,327
725,,28.38408960850644,28.3856659244614,42.296436320769814,0.565756618976593,0.5915606021881104,303,4.661538461538462,0.036135957066189626,303
726,,19.27901398153982,19.238774191774297,39.734133014345105,0.4632171392440796,0.6358810663223267,368,5.661538461538462,0.04388789505068575,368
727,,33.00621502241752,32.96783644629616,57.56355550941504,0.7600873708724976,0.5607945322990417,344,5.292307692307692,0.041025641025641026,344
728,,23.742834375234818,23.69447651533171,56.64212330634224,0.6323196291923523,0.7464637756347656,367,5.6461538461538465,0.04376863446630889,367
729,,26.741510712268088,26.735976106970774,39.64274046257556,0.6713992357254028,0.6045268774032593,338,5.2,0.040310077519379844,338
730,,21.24329429753556,21.144978067920437,59.20527886786323,0.6033515930175781,0.5496079921722412,392,6.030769230769231,0.04675014907573047,392
731,,27.98783428773166,28.027175759113717,48.18108461138269,0.7828797101974487,0.6152894496917725,338,5.2,0.040310077519379844,338
732,,26.513735165089116,26.52951324008143,47.9705743396669,0.6340192556381226,0.7206119894981384,348,5.3538461538461535,0.04150268336314848,348
733,,23.919761017045527,23.916007932092754,22.858573986085183,0.7667708396911621,0.7140737771987915,347,5.338461538461538,0.04138342277877161,347
734,,37.55551612385565,37.56868442103848,107.27738945415439,0.718733012676239,0.7529614567756653,312,4.8,0.037209302325581395,312
735,,19.0206536840439,19.019371531585755,39.252423779083536,0.6224652528762817,0.36878544092178345,399,6.138461538461539,0.04758497316636851,399
736,,19.097466487971552,19.116570345347995,25.694544627401804,0.5657917261123657,0.2849579453468323,393,6.046153846153846,0.04686940966010734,393
737,,26.48493037939249,26.455805466359177,33.273972433501726,0.6441225409507751,0.5238656997680664,330,5.076923076923077,0.03935599284436494,330
738,,43.019409259194944,42.95082550962332,133.20721447125084,0.5310397148132324,0.6253875494003296,345,5.3076923076923075,0.04114490161001789,345
739,,23.61676167013344,23.54846668246582,32.87731171318698,0.7671094536781311,0.5555596351623535,335,5.153846153846154,0.03995229576624926,335
740,,19.1717221946742,19.132533684602926,72.50819433213313,0.5105142593383789,0.7030897736549377,382,5.876923076923077,0.04555754323196184,382
741,,34.745992656385845,34.75116079241595,50.55608025697723,0.6074814796447754,0.6606529355049133,327,5.030769230769231,0.038998211091234344,326
742,,35.50221650619008,35.46555486446912,85.85381027452222,0.6277241706848145,0.6595851182937622,319,4.907692307692308,0.03804412641621944,319
743,,25.973675997323237,25.928735151482403,73.91384053445293,0.5397202372550964,0.5083200931549072,318,4.892307692307693,0.037924865831842576,318
744,,32.55675724987448,32.426245516482965,77.19427451965359,0.7157394289970398,0.743505597114563,307,4.723076923076923,0.036612999403697076,307
745,,22.96068753078976,22.941650729940108,70.93685620716613,0.43839964270591736,0.6235343813896179,352,5.415384615384616,0.04197972570065593,352
746,,20.793010651238916,20.841852434375117,19.785888117521917,0.5946796536445618,0.6468378901481628,358,5.507692307692308,0.04269528920691711,358
747,,26.47074516665411,26.422372415773413,50.01976412671701,0.6819584369659424,0.5690717101097107,368,5.661538461538462,0.04388789505068575,368
748,,33.9736813898529,33.85588463514279,100.23220006696862,0.7527549862861633,0.594942033290863,348,5.3538461538461535,0.04150268336314848,348
749,,20.169336905845,20.15315391855031,46.50940090064573,0.5598282814025879,0.6367082595825195,377,5.8,0.04496124031007752,377
750,,36.462913033426034,36.46909637095738,95.20563170758263,0.729031503200531,0.7066566348075867,310,4.769230769230769,0.03697078115682767,310
751,,28.63859729686946,28.65581577985446,38.92710422043438,0.6540288925170898,0.624245285987854,347,5.338461538461538,0.04138342277877161,347
752,,23.73912466757438,23.743022530078587,57.000821566049304,0.6105294823646545,0.5963740348815918,357,5.492307692307692,0.04257602862254025,357
753,,37.53688556248149,37.479226985405035,130.3652930393669,0.5877482295036316,0.6664360761642456,300,4.615384615384615,0.03577817531305903,300
754,,27.50212632331603,27.44082235447417,26.174794712474476,0.35956040024757385,0.607968807220459,343,5.276923076923077,0.04090638044126416,343
755,,29.093305281757075,29.04764959775263,79.8399478248255,0.6502505540847778,0.6473279595375061,357,5.492307692307692,0.04257602862254025,357
756,,18.786712371223466,18.781056198123085,29.74613590500185,0.6287739276885986,0.4421313405036926,406,6.246153846153846,0.04841979725700656,406
757,,23.815878590510163,23.791723441766322,55.65683096750245,0.6850990653038025,0.6996673941612244,378,5.815384615384615,0.04508050089445438,378
758,,20.109637026692745,20.097150367858486,36.39929071986262,0.45518726110458374,0.6311426162719727,413,6.3538461538461535,0.049254621347644606,413
759,,25.44094621068956,25.424473052967922,42.567051039192485,0.7818160057067871,0.6593506932258606,354,5.446153846153846,0.04221824686940966,354
760,,25.702442224803196,25.70500234936564,60.27383259241681,0.627273440361023,0.4786543548107147,326,5.015384615384615,0.03887895050685748,326
761,,18.812305090604625,18.83544042412939,20.40479472098267,0.6474888324737549,0.4723442494869232,374,5.753846153846154,0.04460345855694693,374
762,,28.537401677891886,28.49410930049883,75.61753423181662,0.7190572023391724,0.485943078994751,351,5.4,0.04186046511627907,351
763,,23.582129215324102,23.5794933982329,55.08292684308994,0.4667767286300659,0.3302413821220398,395,6.076923076923077,0.04710793082886106,395
764,,22.82163030912939,22.822518004801598,48.55019927572439,0.507921040058136,0.2851037383079529,400,6.153846153846154,0.04770423375074538,400
765,,20.21826246672219,20.199531007854585,40.57733892986731,0.5639282464981079,0.7182685732841492,352,5.415384615384616,0.04197972570065593,352
766,,31.633380812933517,31.500364153990482,108.5921390140593,0.7476478219032288,0.5582571625709534,363,5.584615384615384,0.04329159212880143,363
767,,22.239451160610795,22.222540513462064,47.96466554770801,0.4563359320163727,0.5661053657531738,373,5.7384615384615385,0.04448419797257006,373
768,,30.890520043755437,30.8588274246757,47.540627359568646,0.7463229298591614,0.6586353182792664,323,4.969230769230769,0.038521168753726895,323
769,,21.990012843009836,21.9685984169258,38.119339026701944,0.6081551313400269,0.4756692945957184,352,5.415384615384616,0.04197972570065593,352
770,,31.172344005085158,31.15614981632884,64.00498273085756,0.677733838558197,0.6894663572311401,359,5.523076923076923,0.042814549791293975,359
771,,39.5310418502978,39.542788063293386,93.33229405328599,0.5557695627212524,0.6275016069412231,313,4.815384615384615,0.03732856290995826,313
772,,28.602631306176523,28.610463902741827,71.25832369653415,0.6471505165100098,0.42605355381965637,335,5.153846153846154,0.03995229576624926,335
773,,35.561637395342885,35.47250840928783,91.34083406375471,0.6485649347305298,0.6780067086219788,292,4.492307692307692,0.034824090638044126,292
774,,30.27201425126383,30.270153301718267,62.22310531608518,0.7123059630393982,0.38638943433761597,338,5.2,0.040310077519379844,338
775,,27.192020485239084,27.195337243152608,25.566617099366624,0.6611121296882629,0.4573376774787903,353,5.430769230769231,0.042098986285032794,353
776,,25.07638759538662,25.047472169451233,39.41157180421783,0.4342738687992096,0.6070425510406494,351,5.4,0.04186046511627907,351
777,,45.512374015300075,45.55504731578646,73.7724617939672,0.7360128164291382,0.7252434492111206,294,4.523076923076923,0.03506261180679785,294
778,,35.54324625243797,35.541817384179055,78.93244730862823,0.6965534090995789,0.7191178798675537,352,5.415384615384616,0.04197972570065593,352
779,,21.705564214035295,21.684635880245686,22.696483006550235,0.5740925073623657,0.46286872029304504,376,5.7846153846153845,0.044841979725700656,375
780,,24.645498959728243,24.65742300602941,42.835270689367135,0.6466889381408691,0.5569308400154114,371,5.707692307692308,0.04424567680381634,371
781,,46.51253385448066,46.52186452938181,73.62323891535536,0.7538955211639404,0.7254607081413269,304,4.676923076923077,0.03625521765056649,304
782,,23.390297280469614,23.34090208605392,34.78116322617153,0.45809081196784973,0.6234236359596252,353,5.430769230769231,0.042098986285032794,353
783,,23.449967727930414,23.404801034705677,18.287787809156498,0.2790446877479553,0.7339949011802673,365,5.615384615384615,0.043530113297555156,365
784,,31.010709922203887,31.047978914311656,77.02759017967416,0.5510481595993042,0.5619142055511475,355,5.461538461538462,0.042337507453786526,355
785,,24.606616467613357,24.641358828608713,19.58588494199627,0.5617960095405579,0.5208530426025391,388,5.969230769230769,0.04627310673822302,388
786,,21.572342575321084,21.584986847141955,31.84178097909307,0.3573988676071167,0.6283093690872192,397,6.107692307692307,0.04734645199761479,397
787,,39.31830782212694,39.291442504761946,104.56751429832886,0.7773178219795227,0.6688723564147949,316,4.861538461538461,0.03768634466308885,316
788,,20.818990023975317,20.827105509219074,32.45384871430146,0.5678738355636597,0.7397848963737488,380,5.846153846153846,0.04531902206320811,380
789,,31.644300212993127,31.69125574700661,47.46194701850574,0.6101505756378174,0.755692720413208,333,5.123076923076923,0.039713774597495526,333
790,,35.68486708522361,35.743210083356736,83.02057715682952,0.6387234330177307,0.7110637426376343,304,4.676923076923077,0.03625521765056649,304
791,,20.182985196053792,20.191302458791238,47.95120848081935,0.6878446340560913,0.5880946516990662,382,5.876923076923077,0.04555754323196184,382
792,,20.17531630648908,20.156054078038206,32.480460499028474,0.6631796956062317,0.6749812960624695,351,5.4,0.04186046511627907,351
793,,21.828771040210864,21.837811749914334,44.42520674570299,0.6620469093322754,0.7474010586738586,365,5.615384615384615,0.043530113297555156,365
794,,19.827863001827534,19.812755862023913,24.47554254703232,0.72989422082901,0.7383508682250977,349,5.369230769230769,0.041621943947525344,349
795,,31.47149830632745,31.48219208477937,25.630253129415138,0.690034031867981,0.7667835354804993,334,5.138461538461539,0.03983303518187239,334
796,,33.293357414433,33.26952724766293,69.4311818765654,0.6956609487533569,0.6693373322486877,301,4.630769230769231,0.035897435897435895,301
797,,22.75868070052348,22.707965386165945,53.3906316373151,0.6109642386436462,0.6582531929016113,350,5.384615384615385,0.04174120453190221,350
798,,33.02779593793313,32.96768065729539,95.7709084397112,0.6833547353744507,0.6528939008712769,292,4.492307692307692,0.034824090638044126,292
799,,26.02892945879752,26.040148271009983,35.538127623989546,0.7128214836120605,0.6212300062179565,343,5.276923076923077,0.04090638044126416,343
800,,26.829675022639172,26.800824730532067,45.74192470653259,0.4484700560569763,0.6142681241035461,321,4.938461538461539,0.03828264758497316,321
801,,28.316035744698542,28.32337762485332,65.91355600442094,0.7809019088745117,0.5024649500846863,299,4.6,0.03565891472868217,299
802,,31.257205407659452,31.127697868456398,97.57062245068626,0.6809329390525818,0.6420366764068604,302,4.6461538461538465,0.036016696481812764,302
803,,24.679538770568584,24.67885550652305,53.52835589859907,0.5570610761642456,0.7234970927238464,352,5.415384615384616,0.04197972570065593,352
804,,35.86262567489085,35.82853646238903,83.35954327612237,0.6312438249588013,0.559117317199707,381,5.861538461538461,0.045438282647584975,381
805,,22.123071010149314,22.118848018651494,14.786656796213823,0.7319027781486511,0.6375551819801331,345,5.3076923076923075,0.04114490161001789,345
806,,30.11003984974214,30.116469249746356,79.28445291623927,0.7457690238952637,0.6815464496612549,327,5.030769230769231,0.038998211091234344,327
807,,21.950108129469616,21.97608251527588,42.30383610121636,0.7161855697631836,0.6220882534980774,375,5.769230769230769,0.044722719141323794,375
808,,48.543622186224006,48.592303981653906,104.84312210195655,0.5817434787750244,0.4673503339290619,341,5.246153846153846,0.04066785927251044,341
809,,18.59445105813912,18.606087896367438,36.11373960380256,0.4305126667022705,0.6675093173980713,428,6.584615384615384,0.051043530113297556,428
810,,23.551845176446378,23.573726825600666,43.00016569082339,0.48892107605934143,0.5459667444229126,374,5.753846153846154,0.04460345855694693,374
811,,17.07222118050332,17.07403381378656,34.45665105923937,0.679090678691864,0.29519233107566833,400,6.153846153846154,0.04770423375074538,400
812,,25.85666042961791,25.830094083960642,64.41008392327743,0.7328158020973206,0.6372136473655701,334,5.138461538461539,0.03983303518187239,334
813,,25.63709295424284,25.605120909510916,42.204289606767546,0.7978163361549377,0.6949518918991089,313,4.815384615384615,0.03732856290995826,313
814,,49.60621333051301,49.665915696797846,125.71268692080383,0.5699861645698547,0.7461568117141724,329,5.061538461538461,0.039236732259988076,329
815,,26.011667809574973,25.960537423915355,26.276174501188297,0.6526941657066345,0.5623967051506042,361,5.553846153846154,0.04305307096004771,361
816,,23.698531271663246,23.655326432162695,64.72940860837082,0.3224247694015503,0.6441164016723633,391,6.015384615384615,0.046630888491353606,391
817,,29.766312163321928,29.73785996893122,94.21950873463143,0.6634589433670044,0.7038548588752747,353,5.430769230769231,0.042098986285032794,353
818,,21.032472754051554,20.966882467759213,75.20853738410102,0.6710116267204285,0.3864903450012207,345,5.3076923076923075,0.04114490161001789,344
819,,23.713389835047487,23.697971939478283,32.63553411701479,0.6576105356216431,0.6090532541275024,315,4.846153846153846,0.03756708407871199,315
820,,46.148450585261834,46.11515103860649,141.29726107203564,0.5318523645401001,0.695762038230896,330,5.076923076923077,0.03935599284436494,330
821,,29.27921332140953,29.301465796772842,41.96380109558668,0.718294084072113,0.68697589635849,310,4.769230769230769,0.03697078115682767,310
822,,34.21393256136486,34.16377563639801,51.08737830990068,0.6341896057128906,0.7676962614059448,300,4.615384615384615,0.03577817531305903,300
823,,29.311856951499948,29.29175223197285,87.06243421576006,0.6381412148475647,0.6915071606636047,341,5.246153846153846,0.04066785927251044,341
824,,34.07380023755993,34.09967931873739,37.694796941929106,0.7408762574195862,0.7223678827285767,345,5.3076923076923075,0.04114490161001789,345
825,,19.683732169917125,19.64240018416697,42.77704332840995,0.40674442052841187,0.3210534155368805,420,6.461538461538462,0.05008944543828265,420
826,,26.344538324168553,26.30273497288664,25.310572989944216,0.6503803730010986,0.6590807437896729,338,5.2,0.040310077519379844,338
827,,34.970068764669776,34.95465058198804,61.548122298117505,0.7820594906806946,0.6754109263420105,292,4.492307692307692,0.034824090638044126,292
828,,21.408736055358048,21.380434121542997,39.47404549858453,0.6128388047218323,0.39147838950157166,373,5.7384615384615385,0.04448419797257006,373
829,,21.487715103228965,21.53509986730787,33.73408338593924,0.69533371925354,0.5368419289588928,337,5.184615384615385,0.04019081693500298,337
830,,27.353011663080547,27.360466999515168,73.64903647434772,0.4398171603679657,0.409917414188385,392,6.030769230769231,0.04675014907573047,392
831,,29.185614858527657,29.20787543114495,22.833963681938606,0.6290678977966309,0.5565148591995239,359,5.523076923076923,0.042814549791293975,359
832,,30.365911050642705,30.28986307171419,79.6613171967239,0.5281980633735657,0.6976290941238403,330,5.076923076923077,0.03935599284436494,330
833,,30.06000446387371,30.09789198145904,59.62202087316501,0.3806230127811432,0.6925215125083923,337,5.184615384615385,0.04019081693500298,337
834,,33.74815077822244,33.73727164902844,98.39949937769148,0.6871905326843262,0.6045007705688477,325,5.0,0.03875968992248062,325
835,,26.557513143729906,26.55997259007919,32.329084708723784,0.7034204006195068,0.6364593505859375,353,5.430769230769231,0.042098986285032794,353
836,,40.305312717765545,40.30168914533774,89.59160292323462,0.7169908881187439,0.6846522688865662,283,4.3538461538461535,0.03375074537865236,283
837,,38.53080928968297,38.559012168125236,81.37397639431657,0.6958642601966858,0.646117091178894,315,4.846153846153846,0.03756708407871199,315
838,,27.211667283802804,27.15919714190747,75.95952861834526,0.43849512934684753,0.4217151701450348,348,5.3538461538461535,0.04150268336314848,348
839,,22.55830046009606,22.558244250202712,65.66596430036797,0.5177262425422668,0.33112943172454834,363,5.584615384615384,0.04329159212880143,363
840,,25.66791934311537,25.658820767870875,60.32221696012311,0.6489248871803284,0.7558117508888245,340,5.230769230769231,0.04054859868813357,340
841,,28.48012298929911,28.466094636856916,77.02924010504859,0.6360840797424316,0.5877344608306885,343,5.276923076923077,0.04090638044126416,343
842,,35.507928111413044,35.52469189477582,75.80861222292951,0.63630610704422,0.3654182553291321,365,5.615384615384615,0.043530113297555156,365
843,,20.099417676138746,20.09146431690767,20.600211209544497,0.5595520734786987,0.631670355796814,405,6.230769230769231,0.04830053667262969,405
844,,22.109086934490637,22.102875831037824,40.8384851210807,0.6264110207557678,0.5543455481529236,368,5.661538461538462,0.04388789505068575,368
845,,17.70057460870811,17.70078450148069,33.059855926408375,0.5399013757705688,0.6694943904876709,399,6.138461538461539,0.04758497316636851,399
846,,21.9414569938312,21.932336062674057,53.895334669461754,0.6731312274932861,0.667315661907196,373,5.7384615384615385,0.04448419797257006,373
847,,27.929625677821758,27.905630073000296,57.09156203325823,0.5233622789382935,0.5430464148521423,341,5.246153846153846,0.04066785927251044,341
848,,19.232784386350968,19.23903524519816,21.938739913719207,0.46562179923057556,0.5954105257987976,399,6.138461538461539,0.04758497316636851,399
849,,30.674916361385783,30.644465157359814,83.89209378066607,0.6959892511367798,0.7185704708099365,305,4.6923076923076925,0.03637447823494335,305
850,,25.030970046797986,25.016075992129778,32.80709183567714,0.2954865097999573,0.6909447312355042,372,5.723076923076923,0.0443649373881932,372
851,,25.048874859230917,25.060674359818464,46.77422181164201,0.4854133427143097,0.6706704497337341,331,5.092307692307692,0.0394752534287418,331
852,,41.0579369193831,41.004922088359265,89.9925708084166,0.6330230832099915,0.7401062846183777,329,5.061538461538461,0.039236732259988076,329
853,,27.34418568699753,27.354614508670384,46.07418247522207,0.4692375659942627,0.5580058097839355,369,5.676923076923077,0.04400715563506261,369
854,,22.312324689527287,22.36528997042691,16.48690510064807,0.5191357731819153,0.7593194246292114,344,5.292307692307692,0.041025641025641026,344
855,,22.18252962433489,22.211165567263052,34.45971782358062,0.6976639032363892,0.5208441615104675,390,6.0,0.046511627906976744,390
856,,35.56863413333272,35.592669547207734,60.21574934270871,0.6011427640914917,0.7353126406669617,333,5.123076923076923,0.039713774597495526,333
857,,22.318345277366536,22.369306959662442,22.227547373854854,0.3057520389556885,0.5527544617652893,385,5.923076923076923,0.045915324985092425,385
858,,22.02881459544689,21.99600736115903,34.66463046545679,0.5355522632598877,0.47533997893333435,343,5.276923076923077,0.04090638044126416,343
859,,27.43393456071222,27.368114915539394,103.72382907805097,0.5655913949012756,0.7102560997009277,396,6.092307692307692,0.047227191413237925,396
860,,23.904214473735685,23.821313300863608,71.96091162487095,0.5843985080718994,0.5946600437164307,374,5.753846153846154,0.04460345855694693,374
861,,25.24199107543311,25.244625092377298,60.11454101256317,0.5863020420074463,0.6034026145935059,328,5.046153846153846,0.039117471675611214,328
862,,24.09455236764583,24.10524288952767,68.93955347078106,0.4829467535018921,0.7056221961975098,360,5.538461538461538,0.04293381037567084,360
863,,25.84004998648274,25.896701860847745,23.60364758709622,0.5897043943405151,0.6220011115074158,343,5.276923076923077,0.04090638044126416,343
864,,22.095968711936738,22.149858958695013,14.394693425166059,0.7242578268051147,0.46234431862831116,402,6.184615384615385,0.047942754919499106,402
865,,22.93366356133662,22.973312031546325,18.361067566759175,0.5303462147712708,0.6564375758171082,374,5.753846153846154,0.04460345855694693,374
866,,25.79850398983438,25.774298461181917,39.666618816997115,0.45865005254745483,0.7572683691978455,372,5.723076923076923,0.0443649373881932,372
867,,19.853091472288575,19.85584098613877,19.055988539349297,0.6325386762619019,0.3600233197212219,375,5.769230769230769,0.044722719141323794,373
868,,18.735702492775435,18.692713224911362,38.00618774673321,0.5257906317710876,0.5708785653114319,378,5.815384615384615,0.04508050089445438,378
869,,20.54685343670553,20.567530280535987,12.80438690628427,0.40046244859695435,0.5221231579780579,332,5.107692307692307,0.03959451401311866,332
870,,39.38674028316858,39.3952141043917,89.83683665135666,0.6742403507232666,0.7618749737739563,316,4.861538461538461,0.03768634466308885,316
871,,37.043166937418064,37.01649363297752,114.68353187244578,0.7137964367866516,0.37635087966918945,329,5.061538461538461,0.039236732259988076,329
872,,22.12604912610869,22.050269000763137,81.63462973835742,0.33897241950035095,0.599807858467102,377,5.8,0.04496124031007752,377
873,,23.105864026418498,23.100027910595287,24.962202248507694,0.6294329166412354,0.6200920343399048,377,5.8,0.04496124031007752,377
874,,19.51075954077504,19.508400789660673,25.70161816872867,0.6216011047363281,0.5870413780212402,382,5.876923076923077,0.04555754323196184,382
875,,35.96413809307674,35.9051911497641,123.00821039776712,0.5176665186882019,0.6077960729598999,354,5.446153846153846,0.04221824686940966,354
876,,23.60401234239387,23.627704390326286,31.83483622360722,0.6151062250137329,0.7828918099403381,339,5.2153846153846155,0.04042933810375671,339
877,,35.753695614611125,35.786423753864774,99.6590460857837,0.7612542510032654,0.4988704025745392,350,5.384615384615385,0.04174120453190221,350
878,,31.782841521768457,31.750238191894265,70.81774664690262,0.4677704870700836,0.7722428441047668,356,5.476923076923077,0.04245676803816339,356
879,,21.86137446435811,21.85979993510214,54.14433297838937,0.6076891422271729,0.47593510150909424,393,6.046153846153846,0.04686940966010734,393
880,,34.016640169305944,33.99379820848402,93.19522080499131,0.7426246404647827,0.7065367102622986,276,4.246153846153846,0.032915921288014315,276
881,,35.50053134689572,35.546084851768725,82.0438176776688,0.695460319519043,0.532734751701355,308,4.7384615384615385,0.03673225998807394,308
882,,33.31274990979048,33.3020333367735,55.419759026190796,0.6586266756057739,0.6230220794677734,297,4.569230769230769,0.035420393559928445,297
883,,27.95127967856354,27.948483916887604,52.337786891295885,0.7095744609832764,0.6570603251457214,305,4.6923076923076925,0.03637447823494335,305
884,,41.46645813568841,41.46907502974551,96.57200908863483,0.6297088861465454,0.7027510404586792,330,5.076923076923077,0.03935599284436494,330
885,,22.129649007223684,22.13714249966696,52.010370067515,0.3101678788661957,0.633702278137207,409,6.292307692307692,0.04877757901013715,409
886,,26.053982701725147,26.034629046188577,29.757453175552467,0.5083454847335815,0.3399917483329773,360,5.538461538461538,0.04293381037567084,360
887,,26.928757113211752,26.976361456580022,54.17237583679564,0.7017512917518616,0.6675407290458679,369,5.676923076923077,0.04400715563506261,369
888,,25.69301745564661,25.68800452324062,24.601259841124946,0.740046501159668,0.6392767429351807,318,4.892307692307693,0.037924865831842576,318
889,,29.44668626603678,29.423181938428765,29.624120902819545,0.5980417132377625,0.6084050536155701,347,5.338461538461538,0.04138342277877161,347
890,,19.211656815572066,19.235609826192984,42.682997433002456,0.7038246393203735,0.5497256517410278,360,5.538461538461538,0.04293381037567084,360
891,,23.15565928664591,23.175916131978823,39.37333584209942,0.6812734007835388,0.32032397389411926,402,6.184615384615385,0.047942754919499106,402
892,,24.075532415788683,24.086369811386117,23.80647845132536,0.6096557378768921,0.5555068850517273,345,5.3076923076923075,0.04114490161001789,345
893,,20.898671254818648,20.85764178593754,46.46486947452336,0.4393147826194763,0.5864235758781433,342,5.2615384615384615,0.0407871198568873,342
894,,33.254135712324235,33.29930499055397,53.29718072829287,0.5411973595619202,0.7663109302520752,336,5.1692307692307695,0.04007155635062612,336
895,,24.86649597457289,24.840457872970408,32.801252137842646,0.6837570667266846,0.42775049805641174,349,5.369230769230769,0.041621943947525344,349
896,,42.787943581120615,42.80884408099443,78.9568038813542,0.6899286508560181,0.7769291400909424,325,5.0,0.03875968992248062,325
897,,24.23759778332341,24.233999586325425,70.9184803455263,0.6717636585235596,0.607950747013092,325,5.0,0.03875968992248062,325
898,,27.484501601333967,27.516590761778854,44.71544362805053,0.6501294374465942,0.7242803573608398,356,5.476923076923077,0.04245676803816339,356
899,,33.226863468563586,33.23818611667229,78.64263164335796,0.48739197850227356,0.5221653580665588,340,5.230769230769231,0.04054859868813357,340
900,,18.709760730059617,18.740947113548682,23.861021896973813,0.6155067086219788,0.7358655333518982,389,5.984615384615385,0.04639236732259988,389
901,,30.4045503083009,30.412922076312714,48.6019817577562,0.7851221561431885,0.5677695274353027,306,4.707692307692308,0.036493738819320214,306
902,,27.098723148036637,27.119278633107573,52.78378318341643,0.5848994851112366,0.4878244698047638,353,5.430769230769231,0.042098986285032794,353
903,,26.64174729368949,26.628530382261978,47.39313587281656,0.6210797429084778,0.7304578423500061,353,5.430769230769231,0.042098986285032794,353
904,,46.11978717156418,46.071436784708936,137.48284415493836,0.6212520003318787,0.6715019941329956,310,4.769230769230769,0.03697078115682767,310
905,,19.84824690340523,19.866676983452837,17.240917815035846,0.42743420600891113,0.3107684254646301,405,6.230769230769231,0.04830053667262969,405
906,,24.695099470508048,24.70101725871502,50.40249320188861,0.7029337286949158,0.5450133085250854,350,5.384615384615385,0.04174120453190221,350
907,,30.684892271675757,30.694218221279446,66.31165503059526,0.47529831528663635,0.6258774399757385,347,5.338461538461538,0.04138342277877161,347
908,,26.356181459827333,26.355681283321506,45.74657559022276,0.5584040880203247,0.43560975790023804,386,5.938461538461539,0.04603458556946929,386
909,,25.36752280968958,25.349420201772595,44.30264279519534,0.5599680542945862,0.7125561833381653,371,5.707692307692308,0.04424567680381634,371
910,,24.446539529374984,24.441696150990232,87.4293670206967,0.7150554060935974,0.5206623077392578,360,5.538461538461538,0.04293381037567084,360
911,,45.08741778316318,45.06399231570814,118.07259292076036,0.6782441735267639,0.5472595691680908,317,4.876923076923077,0.037805605247465714,317
912,,21.39672547276323,21.415655599761024,18.689642878564243,0.5908535122871399,0.6972817182540894,369,5.676923076923077,0.04400715563506261,369
913,,60.07956365956147,60.06628729634387,143.80975578164126,0.5997260212898254,0.707752525806427,296,4.553846153846154,0.03530113297555158,296
914,,22.055950182835787,22.074494323653994,34.922140438237484,0.4367573857307434,0.6724848747253418,373,5.7384615384615385,0.04448419797257006,373
915,,27.036352598002516,27.041193803427934,78.08512559776204,0.6256285309791565,0.5904774069786072,346,5.323076923076923,0.04126416219439475,346
916,,27.452750620535447,27.403909031543165,48.315834767125814,0.4835907518863678,0.45513468980789185,357,5.492307692307692,0.04257602862254025,357
917,,25.8595451055508,25.869904330847245,28.262417232802374,0.6701785326004028,0.715788722038269,329,5.061538461538461,0.039236732259988076,329
918,,34.65026505898768,34.645184762121424,81.96167797163758,0.4935007393360138,0.6737144589424133,337,5.184615384615385,0.04019081693500298,337
919,,30.1674831076614,30.196618185339858,62.71709624907504,0.6994486451148987,0.40862980484962463,346,5.323076923076923,0.04126416219439475,346
920,,21.99240699972479,22.007112644245368,25.883586264238676,0.6740558743476868,0.6269559264183044,363,5.584615384615384,0.04329159212880143,363
921,,28.9796291771391,28.9161141955564,40.5555474765548,0.6534174680709839,0.7633223533630371,321,4.938461538461539,0.03828264758497316,321
922,,24.450659713576197,24.4823501462761,11.578539877109707,0.7469082474708557,0.7115153074264526,331,5.092307692307692,0.0394752534287418,331
923,,22.396642489913116,22.392280681624026,12.497879302637497,0.40437331795692444,0.6710439324378967,393,6.046153846153846,0.04686940966010734,393
924,,22.77104981579247,22.74253132059975,56.77798136453506,0.5734046697616577,0.5404042601585388,350,5.384615384615385,0.04174120453190221,350
925,,18.530771892669794,18.48282809349844,30.107271837963776,0.6004759669303894,0.4210229814052582,395,6.076923076923077,0.04710793082886106,395
926,,34.51997367009595,34.4671993031472,72.06267976273051,0.662247359752655,0.46106329560279846,314,4.8307692307692305,0.03744782349433512,314
927,,28.635973579034182,28.481510352891686,105.53350396393267,0.7630573511123657,0.461162269115448,377,5.8,0.04496124031007752,377
928,,40.30310215628636,40.26937891770117,101.89316610244482,0.5719833374023438,0.7561272382736206,330,5.076923076923077,0.03935599284436494,330
929,,22.428977366031656,22.42296818346734,39.985289560117245,0.4330337345600128,0.5087277889251709,340,5.230769230769231,0.04054859868813357,339
930,,42.87690898215548,42.83906540982997,96.33814742544517,0.7208883762359619,0.6485636830329895,316,4.861538461538461,0.03768634466308885,316
931,,19.108580337508553,19.113307543321632,49.328547029199385,0.5607480406761169,0.6807708144187927,382,5.876923076923077,0.04555754323196184,382
932,,24.395088708781422,24.327474856943535,83.05297226478463,0.4097782373428345,0.5795113444328308,380,5.846153846153846,0.04531902206320811,380
933,,17.810136858943977,17.79266806941798,30.45684428910265,0.5853400826454163,0.6564146876335144,384,5.907692307692308,0.04579606440071556,384
934,,23.50297550126688,23.494033458787968,52.50957692669319,0.7005386352539062,0.457612544298172,356,5.476923076923077,0.04245676803816339,356
935,,22.73085342391799,22.664155019197214,33.93699899881759,0.5423315167427063,0.6006216406822205,364,5.6,0.043410852713178294,364
936,,18.72091548489908,18.746059977949848,36.685899258019425,0.6833876371383667,0.546863853931427,406,6.246153846153846,0.04841979725700656,406
937,,27.418048238822525,27.39339570721793,44.03323150300489,0.6639823317527771,0.7023659944534302,317,4.876923076923077,0.037805605247465714,317
938,,49.08279114117955,49.070479240890855,104.94008950160585,0.7192610502243042,0.689801812171936,299,4.6,0.03565891472868217,299
939,,27.183699358359576,27.09749339746608,78.07779602060666,0.6434906721115112,0.5185413360595703,307,4.723076923076923,0.036612999403697076,307
940,,22.479777592538987,22.469725168675257,33.38196072151196,0.53510582447052,0.5034084916114807,386,5.938461538461539,0.04603458556946929,386
941,,23.913027435677282,23.929037681412748,35.02853876697436,0.755305826663971,0.5787720084190369,344,5.292307692307692,0.041025641025641026,344
942,,32.838174178151355,32.82493516031607,87.99572821014613,0.7268485426902771,0.45494794845581055,335,5.153846153846154,0.03995229576624926,335
943,,33.57133295792446,33.59360684986986,71.49633431120859,0.6768365502357483,0.6517431139945984,320,4.923076923076923,0.0381633870005963,320
944,,28.070623172079994,28.083634831087924,73.99693983488423,0.7481245398521423,0.44258975982666016,348,5.3538461538461535,0.04150268336314848,348
945,,20.351919515859002,20.308931020378346,23.78754591628326,0.600231945514679,0.7222341299057007,342,5.2615384615384615,0.0407871198568873,342
946,,23.524644872801662,23.529713953949813,62.65862575987061,0.5512558221817017,0.42539897561073303,361,5.553846153846154,0.04305307096004771,361
947,,30.590542218981504,30.662906955270888,44.25094181312819,0.6951313018798828,0.5248203873634338,343,5.276923076923077,0.04090638044126416,343
948,,23.36451277141827,23.416009388781667,50.0556798993904,0.6351561546325684,0.633624792098999,369,5.676923076923077,0.04400715563506261,369
949,,34.670532213360076,34.61128876746258,86.79725027190807,0.7115631699562073,0.7384344935417175,342,5.2615384615384615,0.0407871198568873,342
950,,35.254856479454574,35.19179321280689,97.23812115858097,0.5361528396606445,0.5578569173812866,337,5.184615384615385,0.04019081693500298,337
951,,33.09801151253702,33.120876031115884,88.91559487143967,0.6687414050102234,0.4752803146839142,340,5.230769230769231,0.04054859868813357,340
952,,27.692649184411,27.69450552580662,57.417095314798814,0.5748445987701416,0.7310147285461426,312,4.8,0.037209302325581395,312
953,,27.054450198495534,27.098795793686296,36.227266726356994,0.6955307722091675,0.660698413848877,348,5.3538461538461535,0.04150268336314848,348
954,,29.22363286030701,29.268815974129087,67.65279052586219,0.6540331840515137,0.5491477847099304,352,5.415384615384616,0.04197972570065593,352
955,,40.78023971734151,40.71694284804144,122.27755291016173,0.7792301177978516,0.5621296167373657,298,4.584615384615384,0.03553965414430531,298
956,,32.86647777754325,32.80931704892269,31.209263856064638,0.5495384335517883,0.7793208360671997,346,5.323076923076923,0.04126416219439475,346
957,,28.426536814370664,28.451109958757712,67.27080337675896,0.6357913017272949,0.5555137395858765,377,5.8,0.04496124031007752,377
958,,22.932319800302643,22.954543642484364,53.897723813849325,0.4551701545715332,0.6918613314628601,375,5.769230769230769,0.044722719141323794,375
959,,28.50965374165911,28.557247378344417,31.466836720599886,0.6948999166488647,0.7151575684547424,298,4.584615384615384,0.03553965414430531,298
960,,21.786155782593255,21.781448215747666,35.44025208900171,0.6256006360054016,0.7320389747619629,359,5.523076923076923,0.042814549791293975,359
961,,25.038862315163616,24.95313249452441,72.93787759322394,0.6628843545913696,0.7128396034240723,322,4.953846153846154,0.03840190816935003,322
962,,27.776784105071233,27.800094838187224,36.1727433630681,0.6541919112205505,0.725243330001831,354,5.446153846153846,0.04221824686940966,353
963,,30.966879813230985,31.001975199820563,55.069806261926786,0.7541360855102539,0.4526892304420471,326,5.015384615384615,0.03887895050685748,326
964,,20.5784076927988,20.536356069689294,52.61686122940512,0.7150989174842834,0.38386884331703186,367,5.6461538461538465,0.04376863446630889,367
965,,30.63615704926661,30.650987667430933,79.04665979136878,0.6954262852668762,0.4986727237701416,334,5.138461538461539,0.03983303518187239,334
966,,42.76334644235761,42.659566284452524,112.21070894673147,0.7785593271255493,0.6026975512504578,320,4.923076923076923,0.0381633870005963,320
967,,29.883060239628698,29.90354745915459,48.54079009241363,0.6307302713394165,0.74394291639328,359,5.523076923076923,0.042814549791293975,359
968,,20.138803763453453,20.130629735392194,22.39918930435828,0.6187818646430969,0.4869019687175751,373,5.7384615384615385,0.04448419797257006,373
969,,25.64510563769048,25.587656766773843,38.267173404461914,0.5297611355781555,0.3936440646648407,389,5.984615384615385,0.04639236732259988,388
970,,34.540791032753084,34.51695283812764,77.52480659485343,0.6790774464607239,0.7723159790039062,308,4.7384615384615385,0.03673225998807394,308
971,,33.037781427015425,33.060439804038936,69.54828512682363,0.5410881638526917,0.7081106305122375,347,5.338461538461538,0.04138342277877161,347
972,,20.688676511133583,20.65693842152395,27.642657155562684,0.604446291923523,0.3736523687839508,404,6.2153846153846155,0.04818127608825283,404
973,,33.967854060631375,33.93370531768143,109.30694058654916,0.7937678098678589,0.6806681156158447,341,5.246153846153846,0.04066785927251044,341
974,,32.00726006234895,32.03386464156284,63.064706890938105,0.73188716173172,0.7016354203224182,338,5.2,0.040310077519379844,338
975,,24.175407678672514,24.13412017170572,22.437477281100882,0.7086576819419861,0.462026447057724,355,5.461538461538462,0.042337507453786526,355
976,,18.922825282425578,18.91614696561875,15.789816445115443,0.6819880604743958,0.5799142718315125,368,5.661538461538462,0.04388789505068575,368
977,,33.072807863975996,33.03884178192875,88.00095247078823,0.7319781184196472,0.688473641872406,334,5.138461538461539,0.03983303518187239,334
978,,30.392159938163413,30.369349685222573,32.28860144398662,0.7220371961593628,0.6615926623344421,332,5.107692307692307,0.03959451401311866,332
979,,27.33422234371795,27.291495708170604,61.166332169410865,0.7271516919136047,0.6302849054336548,342,5.2615384615384615,0.0407871198568873,342
980,,21.731660619116425,21.730457985643408,35.64275654366068,0.7740964889526367,0.5409369468688965,368,5.661538461538462,0.04388789505068575,368
981,,19.842753325984653,19.785166489727743,35.35207586873323,0.42877212166786194,0.5332459807395935,374,5.753846153846154,0.04460345855694693,374
982,,25.327508844901107,25.34573337653516,33.18678536229465,0.5973191857337952,0.33425480127334595,360,5.538461538461538,0.04293381037567084,360
983,,35.61153480282684,35.52483748475246,134.3242750007774,0.6625562310218811,0.6879758238792419,343,5.276923076923077,0.04090638044126416,343
984,,28.139161847237496,28.164584448126334,45.246859338927926,0.6930296421051025,0.7605841755867004,324,4.984615384615385,0.03864042933810376,324
985,,27.149995878308683,27.167265961768106,67.61864376886402,0.7579533457756042,0.7187988758087158,352,5.415384615384616,0.04197972570065593,352
986,,32.11423861183945,32.12580821933502,70.99136175244459,0.6706737279891968,0.7059021592140198,322,4.953846153846154,0.03840190816935003,322
987,,31.91253141134003,31.89953935836676,89.90263342488934,0.5785050392150879,0.6341674327850342,313,4.815384615384615,0.03732856290995826,313
988,,26.09925066200804,26.063937238386515,43.439966597358776,0.48737549781799316,0.6038863658905029,337,5.184615384615385,0.04019081693500298,337
989,,34.57671871235329,34.58194352792895,24.462138804410383,0.5972790122032166,0.7005329132080078,307,4.723076923076923,0.036612999403697076,307
990,,31.933161400924835,31.926410724621277,92.09989680271744,0.3807579576969147,0.5891292095184326,339,5.2153846153846155,0.04042933810375671,339
991,,32.37662515880548,32.24935031424755,63.291515640352934,0.7314489483833313,0.595420241355896,321,4.938461538461539,0.03828264758497316,321
992,,28.645025631092416,28.56971573222458,104.24604454505072,0.5765710473060608,0.47764477133750916,337,5.184615384615385,0.04019081693500298,337
993,,35.21400335793522,35.207873632849065,79.03426238097708,0.5678719878196716,0.6992729306221008,310,4.769230769230769,0.03697078115682767,310
994,,33.40816087579693,33.30329958093801,112.97307688575664,0.6373547315597534,0.6789700984954834,327,5.030769230769231,0.038998211091234344,327
995,,17.60127400418325,17.62128528523252,19.95907409293631,0.5622940063476562,0.6402236819267273,428,6.584615384615384,0.051043530113297556,428
996,,27.3228878161895,27.364675173779688,28.74645157564098,0.7374110221862793,0.45351868867874146,355,5.461538461538462,0.042337507453786526,355
997,,25.113836974880332,25.069342550418146,66.14349748406987,0.31319791078567505,0.6555153727531433,386,5.938461538461539,0.04603458556946929,386
998,,23.308834423898844,23.236325890141675,76.3706135368938,0.5173062086105347,0.5344364047050476,367,5.6461538461538465,0.04376863446630889,367
999,,30.914597445741286,30.95021026572433,34.88975020021772,0.7272375226020813,0.7956176996231079,314,4.8307692307692305,0.03744782349433512,314
